keyword,canonical_url,CSE
Airtel,https://www.airtel.in/,Airtel
Bharti Airtel,https://www.airtel.in/,Airtel
Airtel India,https://www.airtel.in/,Airtel
airtelbank,https://www.airtelpayments.bank.in/,Airtel
airtelpayments,https://www.airtelpayments.bank.in/,Airtel
BankofBaroda,https://bankofbaroda.bank.in/,Bank of Baroda
BoB bank,https://bankofbaroda.bank.in/,Bank of Baroda
Baroda Bank,https://bankofbaroda.bank.in/,Bank of Baroda
Civil Registration System,https://dc.crsorgi.gov.in/crs/,Civil Registration System
crsorgi.gov,https://dc.crsorgi.gov.in/crs/,Civil Registration System
crsgov,https://dc.crsorgi.gov.in/crs/,Civil Registration System
CRS India,https://dc.crsorgi.gov.in/crs/,Civil Registration System
Civil Registration System,https://dc.crsorgi.gov.in/crs/,Civil Registration System
verifycertificates,https://dc.crsorgi.gov.in/crs/,Civil Registration System
HDFC Bank,https://www.hdfcbank.com/,HDFC Bank
HDFC,https://www.hdfcbank.com/,HDFC Bank
HDFC Bank India,https://www.hdfcbank.com/,HDFC Bank
ICICI Bank,https://www.icicibank.com/,ICICI Bank
ICICI,https://www.icicibank.com/,ICICI Bank
ICICI Bank India,https://www.icicibank.com/,ICICI Bank
Indian Oil Corporation Limited,https://iocl.com/,Indian Oil Corporation Limited
Indian Oil,https://iocl.com/,Indian Oil Corporation Limited
IOCL India,https://iocl.com/,Indian Oil Corporation Limited
IOCL,https://iocl.com/,Indian Oil Corporation Limited
Indian Railway Catering and Tourism Corporation,https://www.irctc.co.in/,IRCTC
IRCTC,https://www.irctc.co.in/,IRCTC
IRCTC India,https://www.irctc.co.in/,IRCTC
National Informatics Centre,https://www.nic.gov.in/,NIC
NIC India,https://www.nic.gov.in/,NIC
nicgov,https://www.nic.gov.in/,NIC
NIC Government India,https://www.nic.gov.in/,NIC
Punjab National Bank,https://pnb.bank.in/,Punjab National Bank
pnbbank,https://pnb.bank.in/,Punjab National Bank
PNB,https://pnb.bank.in/,Punjab National Bank
Punjab Bank India,https://pnb.bank.in/,Punjab National Bank
State Bank of India,https://onlinesbi.sbi.bank.in/,SBI
onlinesbi,https://onlinesbi.sbi.bank.in/,SBI
SBI,https://onlinesbi.sbi.bank.in/,SBI
YONOSBI,https://sbi.bank.in/web/yono/home,SBI
yonobusiness,https://yonobusiness.sbi.bank.in/,SBI