CSE,platform,username,display_name,url,bio_description,found_at,false_positive
Bank of Baroda,instagram,icicibank,icicibankVerifiedICICI Bank • 533K followers,https://www.instagram.com/icicibank/,,2026-02-23T15:43:52.859912,FALSE
Bank of Baroda,instagram,icicibankcc,icicibankccVerifiedICICI Bank Credit Cards • 18K followers,https://www.instagram.com/icicibankcc/,,2026-02-23T15:43:52.924913,FALSE
Bank of Baroda,instagram,icicibank.nriservices,icicibank.nriservicesICICI Bank- NRI Services,https://www.instagram.com/icicibank.nriservices/,,2026-02-23T15:43:52.946757,FALSE
Bank of Baroda,instagram,icici3in1,icici3in1VerifiedICICI Bank 3 in 1 Account • 280 followers,https://www.instagram.com/icici3in1/,,2026-02-23T15:43:52.995021,FALSE
Bank of Baroda,instagram,bank_bank_sharma,bank_bank_sharmaicici Bank,https://www.instagram.com/bank_bank_sharma/,,2026-02-23T15:43:53.303007,FALSE
ICICI Bank,instagram,jablackx,jablackx,https://www.instagram.com/jablackx/,,2026-02-23T15:44:11.301700,TRUE
ICICI Bank,instagram,amybrenneman,amybrenneman,https://www.instagram.com/amybrenneman/,,2026-02-23T15:44:11.323476,TRUE
ICICI Bank,instagram,sakinovicr,sakinovicr,https://www.instagram.com/sakinovicr/,,2026-02-23T15:44:30.838257,TRUE
Civil Registration System,facebook,61551829499680,Profile photo of CRS.India,https://www.facebook.com/profile.php?id=61551829499680&__tn__=%3C,,2026-02-23T15:44:40.741213,TRUE
Civil Registration System,facebook,61576645190738,Profile photo of crs india,https://www.facebook.com/profile.php?id=61576645190738&__tn__=%3C,,2026-02-23T15:44:40.768930,TRUE
Civil Registration System,facebook,61551697959000,Profile photo of crs.india,https://www.facebook.com/profile.php?id=61551697959000&__tn__=%3C,,2026-02-23T15:44:40.790942,TRUE
Civil Registration System,facebook,100067156758306,Profile photo of CRS Technologies India Pvt Ltd,https://www.facebook.com/profile.php?id=100067156758306&__tn__=%3C,,2026-02-23T15:44:40.815728,TRUE
Civil Registration System,facebook,crsorgi.gov.in,Profile photo of Civil Registration System - CRS INDIA,https://www.facebook.com/crsorgi.gov.in?__tn__=%3C,,2026-02-23T15:44:40.837883,FALSE
Civil Registration System,facebook,crseducationgroup,Profile photo of CRS Educational,https://www.facebook.com/crseducationgroup?__tn__=%3C,,2026-02-23T15:44:40.860960,FALSE
Civil Registration System,facebook,chiragestate,Profile photo of CRS Realty,https://www.facebook.com/chiragestate?__tn__=%3C,,2026-02-23T15:44:40.883692,FALSE
Civil Registration System,facebook,61572595812690,Profile photo of CRS Designs,https://www.facebook.com/profile.php?id=61572595812690&__tn__=%3C,,2026-02-23T15:44:40.908807,TRUE
Civil Registration System,facebook,crssevasansthan,Profile photo of CRS Seva Sansthan,https://www.facebook.com/crssevasansthan?__tn__=%3C,,2026-02-23T15:44:40.935165,FALSE
Civil Registration System,facebook,61552643590896,Profile photo of CRS कृषि फार्म,https://www.facebook.com/profile.php?id=61552643590896&__tn__=%3C,,2026-02-23T15:44:40.958117,TRUE
Civil Registration System,facebook,CRSConsultant,Profile photo of CRS Consultant,https://www.facebook.com/CRSConsultant?__tn__=%3C,,2026-02-23T15:44:40.985442,FALSE
Civil Registration System,facebook,CrsInfocom,Profile photo of CRS Infocom,https://www.facebook.com/CrsInfocom?__tn__=%3C,,2026-02-23T15:44:41.011657,TRUE
Civil Registration System,facebook,crspublicschool,"Profile photo of CRS Public School, Karhal",https://www.facebook.com/crspublicschool?__tn__=%3C,,2026-02-23T15:44:41.030966,TRUE
Civil Registration System,facebook,crscollege,"Profile photo of CRS College, Nahal Aligarh",https://www.facebook.com/crscollege?__tn__=%3C,,2026-02-23T15:44:41.054532,TRUE
Civil Registration System,facebook,100090826640817,Profile photo of CRS School Jamal,https://www.facebook.com/profile.php?id=100090826640817&__tn__=%3C,,2026-02-23T15:44:41.074375,TRUE
Civil Registration System,facebook,100076001269581,Profile photo of CRS Pathology lab and dental clinic,https://www.facebook.com/profile.php?id=100076001269581&__tn__=%3C,,2026-02-23T15:44:41.096303,TRUE
Civil Registration System,facebook,100082811662867,Profile photo of CRS Express,https://www.facebook.com/profile.php?id=100082811662867&__tn__=%3C,,2026-02-23T15:44:41.120473,TRUE
Civil Registration System,facebook,100093985504658,Profile photo of CRS Videos,https://www.facebook.com/profile.php?id=100093985504658&__tn__=%3C,,2026-02-23T15:44:41.140399,TRUE
Civil Registration System,facebook,CrsGirlsInterCollege,Profile photo of Crs girls inter college,https://www.facebook.com/CrsGirlsInterCollege?__tn__=%3C,,2026-02-23T15:44:41.158965,FALSE
Civil Registration System,facebook,crssecuresolutionsindia,Profile photo of CRS Secure Solutions India private Limited,https://www.facebook.com/crssecuresolutionsindia?__tn__=%3C,,2026-02-23T15:44:41.180844,FALSE
Civil Registration System,facebook,61581130930915,Profile photo of Crs Public School Kishani Road Karhal,https://www.facebook.com/profile.php?id=61581130930915&__tn__=%3C,,2026-02-23T15:44:41.201775,TRUE
Civil Registration System,facebook,100064807447622,Profile photo of CRS 90.4 Radio 7,https://www.facebook.com/profile.php?id=100064807447622&__tn__=%3C,,2026-02-23T15:44:41.223864,TRUE
Civil Registration System,facebook,CRSepay,Profile photo of CRS epay,https://www.facebook.com/CRSepay?__tn__=%3C,,2026-02-23T15:44:41.248164,FALSE
Civil Registration System,facebook,CRSAssiociatesAdvocates,"Profile photo of CRS Associates, Advocates",https://www.facebook.com/CRSAssiociatesAdvocates?__tn__=%3C,,2026-02-23T15:44:41.272543,TRUE
Civil Registration System,facebook,100093799957357,Profile photo of CRS  Indian boy,https://www.facebook.com/profile.php?id=100093799957357&__tn__=%3C,,2026-02-23T15:44:41.294507,FALSE
Civil Registration System,facebook,61575911013832,Profile photo of Civil Registration and Management System,https://www.facebook.com/profile.php?id=61575911013832&__tn__=%3C,,2026-02-23T15:45:05.140910,FALSE
Civil Registration System,facebook,100067734660724,Profile photo of Civil registration management system,https://www.facebook.com/profile.php?id=100067734660724&__tn__=%3C,,2026-02-23T15:45:05.163829,FALSE
Civil Registration System,facebook,FiraTech,Profile photo of Ocrs-Oromia Civil Registration System,https://www.facebook.com/FiraTech?__tn__=%3C,,2026-02-23T15:45:05.188697,FALSE
Civil Registration System,facebook,nfssindia,Profile photo of National Fire & Security Systems,https://www.facebook.com/nfssindia?__tn__=%3C,,2026-02-23T15:45:05.215523,FALSE
Civil Registration System,facebook,psomasbate,Profile photo of PSA_Civil Registration and Vital Statistics,https://www.facebook.com/psomasbate?__tn__=%3C,,2026-02-23T15:45:05.240938,FALSE
Civil Registration System,facebook,100069345243868,"Profile photo of Municipal Civil Registry Office of Sampaloc, Quezon",https://www.facebook.com/profile.php?id=100069345243868&__tn__=%3C,,2026-02-23T15:45:05.264949,FALSE
Civil Registration System,facebook,MCROTUBA,Profile photo of TUBA - Municipal Civil Registry Office,https://www.facebook.com/MCROTUBA?__tn__=%3C,,2026-02-23T15:45:05.287082,FALSE
Civil Registration System,facebook,uasaiindia,Profile photo of Unmanned Aircraft Systems Association Of India UASAI,https://www.facebook.com/uasaiindia?__tn__=%3C,,2026-02-23T15:45:05.308260,FALSE
Civil Registration System,facebook,isabelacity.civilregistrar,Profile photo of Isabela City Civil Registry Office,https://www.facebook.com/isabelacity.civilregistrar?__tn__=%3C,,2026-02-23T15:45:05.328799,FALSE
Civil Registration System,facebook,100069130702252,Profile photo of Gallup New Mexico Corrupt Court System,https://www.facebook.com/profile.php?id=100069130702252&__tn__=%3C,,2026-02-23T15:45:05.355110,FALSE
Civil Registration System,facebook,unmannedsystemsassociationindia,Profile photo of Unmanned Systems Associations of India - USAI,https://www.facebook.com/unmannedsystemsassociationindia?__tn__=%3C,,2026-02-23T15:45:05.377231,FALSE
Civil Registration System,facebook,smeconsultph,Profile photo of Late Registration Of Birth,https://www.facebook.com/smeconsultph?__tn__=%3C,,2026-02-23T15:45:05.398912,FALSE
Civil Registration System,facebook,URSBHQ,Profile photo of Uganda Registration Services Bureau,https://www.facebook.com/URSBHQ?__tn__=%3C,,2026-02-23T15:45:05.423971,FALSE
Civil Registration System,facebook,100063660381764,Profile photo of Mohd Danish,https://www.facebook.com/profile.php?id=100063660381764&__tn__=%3C,,2026-02-23T15:45:05.444158,TRUE
Civil Registration System,facebook,genpower.systems,Profile photo of Genpower Systems,https://www.facebook.com/genpower.systems?__tn__=%3C,,2026-02-23T15:45:05.464928,FALSE
Civil Registration System,facebook,InterAirSys,Profile photo of International Air System,https://www.facebook.com/InterAirSys?__tn__=%3C,,2026-02-23T15:45:05.486103,FALSE
Civil Registration System,facebook,omcrsj,"Profile photo of The Municipal Civil Registrar, San Joaquin, Iloilo",https://www.facebook.com/omcrsj?__tn__=%3C,,2026-02-23T15:45:05.506813,FALSE
Civil Registration System,facebook,NottinghamshireRegistrationService,Profile photo of Nottinghamshire Weddings,https://www.facebook.com/NottinghamshireRegistrationService?__tn__=%3C,,2026-02-23T15:45:05.529788,FALSE
Civil Registration System,facebook,ccrozc,Profile photo of Office of the City Civil Registrar 𝓒𝓲𝓾𝓭𝓪𝓭 𝓭𝓮 𝓩𝓪𝓶𝓫𝓸𝓪𝓷𝓰𝓪,https://www.facebook.com/ccrozc?__tn__=%3C,,2026-02-23T15:45:05.550177,FALSE
IRCTC,instagram,nwic_mojs,nwic_mojsNational Water Informatics Centre,https://www.instagram.com/nwic_mojs/,,2026-02-23T15:45:36.760100,FALSE
IRCTC,instagram,nitcotek_egy,nitcotek_egyNational Informatics Company,https://www.instagram.com/nitcotek_egy/,,2026-02-23T15:45:36.779502,FALSE
IRCTC,instagram,nationalinformaticscenter123,nationalinformaticscenter123s k m �,https://www.instagram.com/nationalinformaticscenter123/,,2026-02-23T15:45:36.811216,TRUE
IRCTC,instagram,ellacrosling,ellacrosling,https://www.instagram.com/ellacrosling/,,2026-02-23T15:45:36.828639,TRUE
Indian Oil Corporation Limited,instagram,iconicfashionindia,iconicfashionindiaIconic India,https://www.instagram.com/iconicfashionindia/,,2026-02-23T15:45:54.490700,FALSE
Indian Oil Corporation Limited,instagram,iconic.india.co,iconic.india.coICONIC,https://www.instagram.com/iconic.india.co/,,2026-02-23T15:45:54.508447,FALSE
Indian Oil Corporation Limited,instagram,_iconic._india,_iconic._indiaKhushii,https://www.instagram.com/_iconic._india/,,2026-02-23T15:45:54.522907,TRUE
Indian Oil Corporation Limited,instagram,iconic__india,iconic__indiaICONIC INDIA,https://www.instagram.com/iconic__india/,,2026-02-23T15:45:54.542311,FALSE
Indian Oil Corporation Limited,instagram,its.iconic.india,its.iconic.indiaIndian Numismatic,https://www.instagram.com/its.iconic.india/,,2026-02-23T15:45:54.561981,FALSE
NIC,instagram,nycgov,nycgovVerifiedCity of New York • 308K followers,https://www.instagram.com/nycgov/,,2026-02-23T15:46:13.414434,FALSE
NIC,instagram,nicgov,nicgovNicoletta Governatori,https://www.instagram.com/nicgov/,,2026-02-23T15:46:13.427172,FALSE
NIC,instagram,_nicgov_,_nicgov_Nicole Nathaniel-Govender,https://www.instagram.com/_nicgov_/,,2026-02-23T15:46:13.441208,FALSE
NIC,instagram,nicgovea,nicgoveaNicole Govea Franco,https://www.instagram.com/nicgovea/,,2026-02-23T15:46:13.454419,FALSE
NIC,instagram,nic_gov,nic_govNicola Ruddy,https://www.instagram.com/nic_gov/,,2026-02-23T15:46:13.490774,FALSE
NIC,instagram,chelseafc,chelseafc,https://www.instagram.com/chelseafc/,,2026-02-23T15:46:30.913458,TRUE
NIC,facebook,MdonerIndia,"Profile photo of Ministry of Development of North Eastern Region, Government of India",https://www.facebook.com/MdonerIndia?__tn__=%3C,,2026-02-23T15:46:36.442061,TRUE
NIC,facebook,indiaculture.goi,"Profile photo of Ministry of Culture, Government of India",https://www.facebook.com/indiaculture.goi?__tn__=%3C,,2026-02-23T15:46:36.465558,FALSE
NIC,facebook,MoHFWIndia,"Profile photo of Ministry of Health and Family Welfare, Government of India",https://www.facebook.com/MoHFWIndia?__tn__=%3C,,2026-02-23T15:46:36.491347,FALSE
NIC,facebook,meityindia,"Profile photo of Ministry of Electronics & Information Technology, Government of India",https://www.facebook.com/meityindia?__tn__=%3C,,2026-02-23T15:46:36.515657,FALSE
NIC,facebook,ministryWCD,"Profile photo of Ministry of Women & Child Development, Government of India",https://www.facebook.com/ministryWCD?__tn__=%3C,,2026-02-23T15:46:36.539903,FALSE
NIC,facebook,HMOfficeIndia,"Profile photo of Ministry of Home Affairs, Government of India",https://www.facebook.com/HMOfficeIndia?__tn__=%3C,,2026-02-23T15:46:36.565273,TRUE
NIC,facebook,minmsme,"Profile photo of Ministry of Micro, Small and Medium Enterprises,Government of India",https://www.facebook.com/minmsme?__tn__=%3C,,2026-02-23T15:46:36.591631,TRUE
NIC,facebook,TribalAffairsIn,"Profile photo of Ministry of Tribal Affairs, Government of India",https://www.facebook.com/TribalAffairsIn?__tn__=%3C,,2026-02-23T15:46:36.615598,TRUE
NIC,facebook,ConsumerAdvocacy,"Profile photo of Department of Consumer Affairs, Government of India",https://www.facebook.com/ConsumerAdvocacy?__tn__=%3C,,2026-02-23T15:46:36.639952,TRUE
NIC,facebook,mhi_goi,"Profile photo of Ministry of Heavy Industries , Government of India",https://www.facebook.com/mhi_goi?__tn__=%3C,,2026-02-23T15:46:36.663021,TRUE
NIC,facebook,MoRTHIndia,"Profile photo of Ministry of Road Transport and Highways, Government of India",https://www.facebook.com/MoRTHIndia?__tn__=%3C,,2026-02-23T15:46:36.686582,FALSE
NIC,facebook,DBTInd,"Profile photo of Department of Biotechnology, India",https://www.facebook.com/DBTInd?__tn__=%3C,,2026-02-23T15:46:36.711611,TRUE
NIC,facebook,MyGovIndia,Profile photo of MyGovIndia,https://www.facebook.com/MyGovIndia?__tn__=%3C,,2026-02-23T15:46:36.738117,FALSE
NIC,facebook,NCWIndia,Profile photo of National Commission for Women,https://www.facebook.com/NCWIndia?__tn__=%3C,,2026-02-23T15:46:36.762477,FALSE
NIC,facebook,NICIndia,Profile photo of National Informatics Centre,https://www.facebook.com/NICIndia?__tn__=%3C,,2026-02-23T15:46:36.786531,FALSE
NIC,facebook,dae.connect,"Profile photo of Department of Atomic Energy, India",https://www.facebook.com/dae.connect?__tn__=%3C,,2026-02-23T15:46:36.811802,FALSE
NIC,facebook,motgovtofindia,Profile photo of India Tourism Delhi-Ministry of Tourism,https://www.facebook.com/motgovtofindia?__tn__=%3C,,2026-02-23T15:46:36.836473,TRUE
NIC,facebook,IndianArchives,Profile photo of National Archives of India,https://www.facebook.com/IndianArchives?__tn__=%3C,,2026-02-23T15:46:36.859696,FALSE
NIC,facebook,mospi.india,"Profile photo of Ministry of Statistics & Programme Implementation, Government of India",https://www.facebook.com/mospi.india?__tn__=%3C,,2026-02-23T15:46:36.886504,FALSE
NIC,facebook,RECLIndia,Profile photo of REC Limited,https://www.facebook.com/RECLIndia?__tn__=%3C,,2026-02-23T15:46:36.910287,FALSE
NIC,facebook,IndiaArmyFans,Profile photo of Indian Army 'Desh ke Rakshak',https://www.facebook.com/IndiaArmyFans?__tn__=%3C,,2026-02-23T15:46:36.930589,TRUE
NIC,facebook,NHPCIndiaLimited,Profile photo of NHPC Limited,https://www.facebook.com/NHPCIndiaLimited?__tn__=%3C,,2026-02-23T15:46:36.956423,TRUE
NIC,facebook,NADAIndiaOfficial,Profile photo of National Anti Doping Agency India,https://www.facebook.com/NADAIndiaOfficial?__tn__=%3C,,2026-02-23T15:46:36.989575,FALSE
NIC,facebook,100069162131290,Profile photo of Central Water Commission Government of India,https://www.facebook.com/profile.php?id=100069162131290&__tn__=%3C,,2026-02-23T15:46:37.011344,TRUE
NIC,facebook,cara.nic.in,Profile photo of Central Adoption Resource Authority,https://www.facebook.com/cara.nic.in?__tn__=%3C,,2026-02-23T15:46:37.033283,FALSE
Punjab National Bank,instagram,dragana_danilovic_,dragana_danilovic_,https://www.instagram.com/dragana_danilovic_/,,2026-02-23T15:47:07.865747,TRUE
Punjab National Bank,instagram,sbi.greenmarathon,sbi.greenmarathonSBI Green Marathon,https://www.instagram.com/sbi.greenmarathon/,,2026-02-23T15:47:27.443714,FALSE
Punjab National Bank,instagram,sbisecurities,sbisecuritiesVerifiedSBI Securities • 60.2K followers,https://www.instagram.com/sbisecurities/,,2026-02-23T15:47:27.460669,TRUE
Punjab National Bank,instagram,sb.in.lalaland,sb.in.lalalandSagar and Bhavika,https://www.instagram.com/sb.in.lalaland/,,2026-02-23T15:47:27.479184,FALSE
Punjab National Bank,instagram,sbisavingsbank,sbisavingsbankSBI저축은행,https://www.instagram.com/sbisavingsbank/,,2026-02-23T15:47:27.496166,FALSE
Punjab National Bank,instagram,sbimutualfund,sbimutualfundVerifiedSBI Mutual Fund • 93.1K followers,https://www.instagram.com/sbimutualfund/,,2026-02-23T15:47:27.515499,TRUE
Punjab National Bank,facebook,61580893532008,Profile photo of State Bank of Indian,https://www.facebook.com/profile.php?id=61580893532008&__tn__=%3C,,2026-02-23T15:47:13.492804,FALSE
Punjab National Bank,facebook,61581112117096,Profile photo of State Bank of Indian ,https://www.facebook.com/profile.php?id=61581112117096&__tn__=%3C,,2026-02-23T15:47:13.522990,FALSE
Punjab National Bank,facebook,61581095881508,Profile photo of State Bank of Indian,https://www.facebook.com/profile.php?id=61581095881508&__tn__=%3C,,2026-02-23T15:47:13.552562,FALSE
Punjab National Bank,facebook,61580059953679,Profile photo of State Bank of Indian ,https://www.facebook.com/profile.php?id=61580059953679&__tn__=%3C,,2026-02-23T15:47:13.620092,FALSE
Punjab National Bank,facebook,61584046764241,Profile photo of State Bank of Indian ,https://www.facebook.com/profile.php?id=61584046764241&__tn__=%3C,,2026-02-23T15:47:13.682588,FALSE
Punjab National Bank,facebook,61579556529804,Profile photo of State Bank of Indian ,https://www.facebook.com/profile.php?id=61579556529804&__tn__=%3C,,2026-02-23T15:47:13.726197,FALSE
Punjab National Bank,facebook,61573075081397,Profile photo of State Bank of Indian,https://www.facebook.com/profile.php?id=61573075081397&__tn__=%3C,,2026-02-23T15:47:13.749718,FALSE
Punjab National Bank,facebook,61568435364326,Profile photo of State Bank of Indian ,https://www.facebook.com/profile.php?id=61568435364326&__tn__=%3C,,2026-02-23T15:47:13.778084,FALSE
Punjab National Bank,facebook,61577450519619,Profile photo of State Bank of Indian ,https://www.facebook.com/profile.php?id=61577450519619&__tn__=%3C,,2026-02-23T15:47:13.802308,FALSE
Punjab National Bank,facebook,61576825532686,Profile photo of State Bank of Indian,https://www.facebook.com/profile.php?id=61576825532686&__tn__=%3C,,2026-02-23T15:47:13.826975,FALSE
Punjab National Bank,facebook,61576028960027,Profile photo of State Bank of Indian,https://www.facebook.com/profile.php?id=61576028960027&__tn__=%3C,,2026-02-23T15:47:13.853928,FALSE
Punjab National Bank,facebook,100093634260297,Profile photo of State Bank of Indian ,https://www.facebook.com/profile.php?id=100093634260297&__tn__=%3C,,2026-02-23T15:47:13.880213,FALSE
Punjab National Bank,facebook,100093465128976,Profile photo of State Bank of Indian ,https://www.facebook.com/profile.php?id=100093465128976&__tn__=%3C,,2026-02-23T15:47:13.908597,FALSE
Punjab National Bank,facebook,61586197239830,Profile photo of State Bank of Indian,https://www.facebook.com/profile.php?id=61586197239830&__tn__=%3C,,2026-02-23T15:47:13.957520,FALSE
Punjab National Bank,facebook,61581780952882,Profile photo of State Bank of Indian ,https://www.facebook.com/profile.php?id=61581780952882&__tn__=%3C,,2026-02-23T15:47:14.016174,FALSE
Punjab National Bank,facebook,61570914430741,Profile photo of State Bank of Indian ,https://www.facebook.com/profile.php?id=61570914430741&__tn__=%3C,,2026-02-23T15:47:14.039240,FALSE
Punjab National Bank,facebook,61571213273891,Profile photo of State Bank of Indian,https://www.facebook.com/profile.php?id=61571213273891&__tn__=%3C,,2026-02-23T15:47:14.079696,FALSE
Punjab National Bank,facebook,StateBankOfIndia,Profile photo of State Bank of India,https://www.facebook.com/StateBankOfIndia?__tn__=%3C,,2026-02-23T15:47:14.107507,FALSE
Punjab National Bank,facebook,61567858536954,Profile photo of State Bank of Indian ,https://www.facebook.com/profile.php?id=61567858536954&__tn__=%3C,,2026-02-23T15:47:14.132054,FALSE
Punjab National Bank,facebook,61567936593539,Profile photo of  State Bank of Indian ,https://www.facebook.com/profile.php?id=61567936593539&__tn__=%3C,,2026-02-23T15:47:14.157845,FALSE
Punjab National Bank,facebook,61571514772470,Profile photo of State Bank of Indian ,https://www.facebook.com/profile.php?id=61571514772470&__tn__=%3C,,2026-02-23T15:47:14.182035,FALSE
Punjab National Bank,facebook,100064164157988,Profile photo of Indian Air Force & state bank of india,https://www.facebook.com/profile.php?id=100064164157988&__tn__=%3C,,2026-02-23T15:47:14.202602,FALSE
Punjab National Bank,facebook,AyushInstituteofTechnologyandParamedicalScience,Profile photo of Ayush Institute of Technology and Paramedical Sciences,https://www.facebook.com/AyushInstituteofTechnologyandParamedicalScience?__tn__=%3C,,2026-02-23T15:47:14.225536,TRUE
Punjab National Bank,facebook,100067745755358,Profile photo of Indian Air Force and State Bank of India,https://www.facebook.com/profile.php?id=100067745755358&__tn__=%3C,,2026-02-23T15:47:14.260191,FALSE
Punjab National Bank,facebook,61557521019500,Profile photo of PNB BC POINT,https://www.facebook.com/profile.php?id=61557521019500&__tn__=%3C,,2026-02-23T15:47:40.935190,TRUE
Punjab National Bank,facebook,61565670985477,Profile photo of SBI pnb all banks personal loan adhar card PAN CARD,https://www.facebook.com/profile.php?id=61565670985477&__tn__=%3C,,2026-02-23T15:47:40.959647,FALSE
Punjab National Bank,facebook,61565774001382,Profile photo of SBI pnb all bank personal loan adhar card PAN CARD se ,https://www.facebook.com/profile.php?id=61565774001382&__tn__=%3C,,2026-02-23T15:47:40.987168,FALSE
Punjab National Bank,facebook,PNBAmroha,Profile photo of Amroha PNB Mini Branch,https://www.facebook.com/PNBAmroha?__tn__=%3C,,2026-02-23T15:47:41.013363,FALSE
Punjab National Bank,facebook,100089925603792,Profile photo of PNB MetLife India Insurance Company Limited,https://www.facebook.com/profile.php?id=100089925603792&__tn__=%3C,,2026-02-23T15:47:41.042663,TRUE
SBI,instagram,yono_sbi_,yono_sbi_,https://www.instagram.com/yono_sbi_/,,2026-02-23T15:47:45.472829,FALSE
SBI,instagram,yonosbii8058,yonosbii8058yono sbi,https://www.instagram.com/yonosbii8058/,,2026-02-23T15:47:45.495891,FALSE
SBI,instagram,yonosbilla,yonosbillaYonos Billa,https://www.instagram.com/yonosbilla/,,2026-02-23T15:47:45.520019,FALSE
SBI,instagram,yono_sbi_11,yono_sbi_11Satyam Mondal,https://www.instagram.com/yono_sbi_11/,,2026-02-23T15:47:45.532960,FALSE
SBI,instagram,yono68095,yono68095Yono Sbi,https://www.instagram.com/yono68095/,,2026-02-23T15:47:45.554633,FALSE
SBI,instagram,yono_business_,yono_business_yono ridzky,https://www.instagram.com/yono_business_/,,2026-02-23T15:48:02.670667,TRUE
SBI,instagram,yono_maryono3997,yono_maryono3997yono business,https://www.instagram.com/yono_maryono3997/,,2026-02-23T15:48:02.683730,TRUE
SBI,instagram,wahono9384,wahono9384Yono | Business & online,https://www.instagram.com/wahono9384/,,2026-02-23T15:48:02.697827,TRUE
SBI,instagram,foxnews,foxnews,https://www.instagram.com/foxnews/,,2026-02-23T15:48:02.716707,TRUE
SBI,facebook,100089095843270,Profile photo of yonosbi,https://www.facebook.com/profile.php?id=100089095843270&__tn__=%3C,,2026-02-23T15:48:05.454651,FALSE
SBI,facebook,61588129573110,Profile photo of YONO SBI ,https://www.facebook.com/profile.php?id=61588129573110&__tn__=%3C,,2026-02-23T15:48:05.477790,FALSE
SBI,facebook,61588542322713,Profile photo of Yono sbi ,https://www.facebook.com/profile.php?id=61588542322713&__tn__=%3C,,2026-02-23T15:48:05.501059,FALSE
SBI,facebook,61588565214309,Profile photo of sbi yono SBI,https://www.facebook.com/profile.php?id=61588565214309&__tn__=%3C,,2026-02-23T15:48:05.526354,FALSE
SBI,facebook,61582608597409,Profile photo of YONO SBI,https://www.facebook.com/profile.php?id=61582608597409&__tn__=%3C,,2026-02-23T15:48:05.550532,FALSE
SBI,facebook,61588319674073,Profile photo of YONO SBI,https://www.facebook.com/profile.php?id=61588319674073&__tn__=%3C,,2026-02-23T15:48:05.570117,FALSE
SBI,facebook,61587777341802,Profile photo of YONO SBI ,https://www.facebook.com/profile.php?id=61587777341802&__tn__=%3C,,2026-02-23T15:48:05.592488,FALSE
SBI,facebook,61586037307214,Profile photo of YONO SBI,https://www.facebook.com/profile.php?id=61586037307214&__tn__=%3C,,2026-02-23T15:48:05.613335,FALSE
SBI,facebook,61588131920779,Profile photo of Yono Sbi,https://www.facebook.com/profile.php?id=61588131920779&__tn__=%3C,,2026-02-23T15:48:05.634354,FALSE
SBI,facebook,61588034284428,Profile photo of yono SBI ,https://www.facebook.com/profile.php?id=61588034284428&__tn__=%3C,,2026-02-23T15:48:05.658570,FALSE
SBI,facebook,61587931718841,Profile photo of Yono sbi,https://www.facebook.com/profile.php?id=61587931718841&__tn__=%3C,,2026-02-23T15:48:05.678983,FALSE
SBI,facebook,61586446227088,Profile photo of YONO SBI,https://www.facebook.com/profile.php?id=61586446227088&__tn__=%3C,,2026-02-23T15:48:05.697857,FALSE
SBI,facebook,61587114484802,Profile photo of yono sbi,https://www.facebook.com/profile.php?id=61587114484802&__tn__=%3C,,2026-02-23T15:48:05.718796,FALSE
SBI,facebook,61587874511242,Profile photo of YONO SBI,https://www.facebook.com/profile.php?id=61587874511242&__tn__=%3C,,2026-02-23T15:48:05.741017,FALSE
SBI,facebook,61585886794639,Profile photo of Yono Sbi ,https://www.facebook.com/profile.php?id=61585886794639&__tn__=%3C,,2026-02-23T15:48:05.772531,FALSE
SBI,facebook,61586653381999,Profile photo of YONO SBI ,https://www.facebook.com/profile.php?id=61586653381999&__tn__=%3C,,2026-02-23T15:48:05.811971,FALSE
SBI,facebook,61588227085747,Profile photo of YONO SBI ,https://www.facebook.com/profile.php?id=61588227085747&__tn__=%3C,,2026-02-23T15:48:05.860979,FALSE
SBI,facebook,61586099263344,Profile photo of Yono Sbi,https://www.facebook.com/profile.php?id=61586099263344&__tn__=%3C,,2026-02-23T15:48:05.898142,FALSE
SBI,facebook,61587163449807,Profile photo of YONO SBI,https://www.facebook.com/profile.php?id=61587163449807&__tn__=%3C,,2026-02-23T15:48:05.930855,FALSE
SBI,facebook,61586758335089,Profile photo of YONO SBI,https://www.facebook.com/profile.php?id=61586758335089&__tn__=%3C,,2026-02-23T15:48:05.954048,FALSE
SBI,facebook,61579641942975,Profile photo of yono sbi,https://www.facebook.com/profile.php?id=61579641942975&__tn__=%3C,,2026-02-23T15:48:05.976809,FALSE
SBI,facebook,61578982454861,Profile photo of YONO SBI,https://www.facebook.com/profile.php?id=61578982454861&__tn__=%3C,,2026-02-23T15:48:05.996607,FALSE
SBI,facebook,61588089069623,Profile photo of yono sbi,https://www.facebook.com/profile.php?id=61588089069623&__tn__=%3C,,2026-02-23T15:48:06.018338,FALSE
SBI,facebook,61585751891749,Profile photo of Yono sbi,https://www.facebook.com/profile.php?id=61585751891749&__tn__=%3C,,2026-02-23T15:48:06.041826,FALSE
SBI,facebook,100063865220351,Profile photo of yono_business_,https://www.facebook.com/profile.php?id=100063865220351&__tn__=%3C,,2026-02-23T15:48:30.682913,TRUE
SBI,facebook,YonoAgencyNetwork1,Profile photo of Yono777 Agency Network,https://www.facebook.com/YonoAgencyNetwork1?__tn__=%3C,,2026-02-23T15:48:30.707130,TRUE
SBI,facebook,61580968433893,Profile photo of yono business ,https://www.facebook.com/profile.php?id=61580968433893&__tn__=%3C,,2026-02-23T15:48:30.730802,TRUE
SBI,facebook,61588553724233,Profile photo of YONO SLOTS,https://www.facebook.com/profile.php?id=61588553724233&__tn__=%3C,,2026-02-23T15:48:30.755557,TRUE
SBI,facebook,cahyonowija,Profile photo of Yono,https://www.facebook.com/cahyonowija?__tn__=%3C,,2026-02-23T15:48:30.779882,TRUE
SBI,facebook,61552518082294,Profile photo of Yono slots7,https://www.facebook.com/profile.php?id=61552518082294&__tn__=%3C,,2026-02-23T15:48:30.802567,TRUE
SBI,facebook,YONOGAKU,Profile photo of Yono Gakuin Japanese Language School Myanmar,https://www.facebook.com/YONOGAKU?__tn__=%3C,,2026-02-23T15:48:30.830456,TRUE
SBI,facebook,100057310665059,Profile photo of Yono,https://www.facebook.com/profile.php?id=100057310665059&__tn__=%3C,,2026-02-23T15:48:30.853190,TRUE
SBI,facebook,61550187810280,Profile photo of Yono slot666,https://www.facebook.com/profile.php?id=61550187810280&__tn__=%3C,,2026-02-23T15:48:30.879143,TRUE
SBI,facebook,61550121539661,Profile photo of YONO Slots,https://www.facebook.com/profile.php?id=61550121539661&__tn__=%3C,,2026-02-23T15:48:30.900127,TRUE
SBI,facebook,61550189254989,Profile photo of Yono slot777,https://www.facebook.com/profile.php?id=61550189254989&__tn__=%3C,,2026-02-23T15:48:30.924320,TRUE
SBI,facebook,61550485738978,Profile photo of Yono slot777,https://www.facebook.com/profile.php?id=61550485738978&__tn__=%3C,,2026-02-23T15:48:30.948541,TRUE
SBI,facebook,61550055783438,Profile photo of Yono slot666,https://www.facebook.com/profile.php?id=61550055783438&__tn__=%3C,,2026-02-23T15:48:30.970561,TRUE
SBI,facebook,61550234490318,Profile photo of Yono slot666,https://www.facebook.com/profile.php?id=61550234490318&__tn__=%3C,,2026-02-23T15:48:30.996333,TRUE
SBI,facebook,61550301630352,Profile photo of Yono slot777,https://www.facebook.com/profile.php?id=61550301630352&__tn__=%3C,,2026-02-23T15:48:31.016594,TRUE
SBI,facebook,61550545283679,Profile photo of Yono slot888,https://www.facebook.com/profile.php?id=61550545283679&__tn__=%3C,,2026-02-23T15:48:31.040934,TRUE
SBI,facebook,61550505957292,Profile photo of Yono slot777,https://www.facebook.com/profile.php?id=61550505957292&__tn__=%3C,,2026-02-23T15:48:31.064494,TRUE
SBI,facebook,61552556390062,Profile photo of Yono Slots3,https://www.facebook.com/profile.php?id=61552556390062&__tn__=%3C,,2026-02-23T15:48:31.085817,TRUE
SBI,facebook,61550255970280,Profile photo of Yono slot666,https://www.facebook.com/profile.php?id=61550255970280&__tn__=%3C,,2026-02-23T15:48:31.108621,TRUE
SBI,facebook,61550468639574,Profile photo of Yono slot666,https://www.facebook.com/profile.php?id=61550468639574&__tn__=%3C,,2026-02-23T15:48:31.129052,TRUE
SBI,facebook,61552180293955,Profile photo of Yono Slots6,https://www.facebook.com/profile.php?id=61552180293955&__tn__=%3C,,2026-02-23T15:48:31.149351,TRUE
SBI,facebook,61550491138680,Profile photo of Yono slot666,https://www.facebook.com/profile.php?id=61550491138680&__tn__=%3C,,2026-02-23T15:48:31.173951,TRUE
SBI,facebook,61552475304968,Profile photo of Yono slots8,https://www.facebook.com/profile.php?id=61552475304968&__tn__=%3C,,2026-02-23T15:48:31.195597,TRUE
SBI,facebook,61552492163938,Profile photo of Yono Slots1,https://www.facebook.com/profile.php?id=61552492163938&__tn__=%3C,,2026-02-23T15:48:31.216587,TRUE
SBI,facebook,61550101083201,Profile photo of Yono slot666,https://www.facebook.com/profile.php?id=61550101083201&__tn__=%3C,,2026-02-23T15:48:31.240534,TRUE
Airtel,x,Airtel_Presence,Airtel_Presence,https://x.com/Airtel_Presence,,2026-02-24T11:44:56.819600,FALSE
Airtel,x,airtelindia,airtelindia,https://x.com/airtelindia,,2026-02-24T11:44:56.756256,FALSE
Airtel,x,MirrorNow,MirrorNow,https://x.com/MirrorNow,,2026-02-24T11:44:38.504197,TRUE
Airtel,x,Airtel_Ug,Talk to us | Let us help.,https://x.com/Airtel_Ug,Support available 24/7,2026-02-24T11:44:38.512201,FALSE
Airtel,x,AIRTEL_KE,http://lite.airtelkenya.com,https://x.com/AIRTEL_KE,https://facebook.com/AirtelKe https://instagram.com/airtel_kenya,2026-02-24T11:44:38.519955,FALSE
Airtel,x,AirtelMalawiPlc,IG:http://instagram.com/airtel_malawi,https://x.com/AirtelMalawiPlc,,2026-02-24T11:44:38.526865,FALSE
Airtel,x,airtelmoneyug,#Instant #Secure #Borderless.,https://x.com/airtelmoneyug,Support available 24/7,2026-02-24T11:44:38.536467,FALSE
Airtel,x,TelecomTalk,TelecomTalk,https://x.com/TelecomTalk,,2026-02-24T11:44:38.543636,FALSE
Airtel,x,AirtelUGMD,AirtelUGMD,https://x.com/AirtelUGMD,,2026-02-24T11:44:38.551982,FALSE
Airtel,x,AirtelNigeria,AirtelNigeria,https://x.com/AirtelNigeria,,2026-02-24T11:44:38.559459,FALSE
Airtel,x,airtelnews,airtelnews,https://x.com/airtelnews,,2026-02-24T11:44:47.648336,FALSE
Airtel,x,IndiaBharti,IndiaBharti,https://x.com/IndiaBharti,,2026-02-24T11:44:56.784656,FALSE
Airtel,x,bharti_india,bharti_india,https://x.com/bharti_india,,2026-02-24T11:44:56.776871,FALSE
Airtel,x,india_airtel,india_airtel,https://x.com/india_airtel,,2026-02-24T11:44:47.670751,FALSE
Airtel,x,Bharti_Airtel,Bharti_Airtel,https://x.com/Bharti_Airtel,,2026-02-24T11:44:47.677453,FALSE
Airtel,x,IndiaAirtel,IndiaAirtel,https://x.com/IndiaAirtel,,2026-02-24T11:44:47.685226,FALSE
Airtel,x,airtel_bharti,airtel_bharti,https://x.com/airtel_bharti,,2026-02-24T11:44:47.696269,FALSE
Airtel,x,BhartiAirt86035,BhartiAirt86035,https://x.com/BhartiAirt86035,,2026-02-24T11:44:47.703197,FALSE
Airtel,x,RahulBhartiAir1,RahulBhartiAir1,https://x.com/RahulBhartiAir1,,2026-02-24T11:44:47.709796,TRUE
Airtel,x,birysnyaksd,birysnyaksd,https://x.com/birysnyaksd,,2026-02-24T11:44:47.717885,TRUE
Airtel,x,AIRTELINDIA6,AIRTELINDIA6,https://x.com/AIRTELINDIA6,,2026-02-24T11:44:56.762891,FALSE
Airtel,x,airtelindia3,airtelindia3,https://x.com/airtelindia3,,2026-02-24T11:44:56.770502,FALSE
Airtel,x,airtelCOMPLAIN,airtelCOMPLAIN,https://x.com/airtelCOMPLAIN,,2026-02-24T11:44:56.795880,FALSE
Airtel,x,vishalraj_1,vishalraj_1,https://x.com/vishalraj_1,,2026-02-24T11:44:56.804096,TRUE
Airtel,x,airtelindia_,airtelindia_,https://x.com/airtelindia_,,2026-02-24T11:44:56.810380,FALSE
Airtel,x,i_airtel_india,i_airtel_india,https://x.com/i_airtel_india,,2026-02-24T11:44:56.826772,FALSE
Airtel,x,airtelbank,Open a #SafeSecondAccount  with #AirtelPaymentsBank.,https://x.com/airtelbank,,2026-02-24T11:45:05.922140,FALSE
Airtel,x,Airtelbank____1,Airtelbank____1,https://x.com/Airtelbank____1,,2026-02-24T11:45:05.931897,FALSE
Airtel,x,Airtelbank18,Airtelbank18,https://x.com/Airtelbank18,,2026-02-24T11:45:05.941533,FALSE
Airtel,x,AirtelBankSama1,AirtelBankSama1,https://x.com/AirtelBankSama1,,2026-02-24T11:45:05.951298,FALSE
Airtel,x,airtelbank32069,airtelbank32069,https://x.com/airtelbank32069,,2026-02-24T11:45:05.959737,FALSE
Airtel,x,Airtelbank2024,Airtelbank2024,https://x.com/Airtelbank2024,,2026-02-24T11:45:05.970584,FALSE
Airtel,x,Airtelbank99,Airtelbank99,https://x.com/Airtelbank99,,2026-02-24T11:45:05.979190,FALSE
Airtel,x,airtelbank628,airtelbank628,https://x.com/airtelbank628,,2026-02-24T11:45:05.989863,FALSE
Airtel,x,Airtelbank_12,Airtelbank_12,https://x.com/Airtelbank_12,,2026-02-24T11:45:06.000416,FALSE
Airtel,x,airtelbank_help,airtelbank_help,https://x.com/airtelbank_help,,2026-02-24T11:45:06.008722,FALSE
Airtel,x,AirtelPayments,AirtelPayments,https://x.com/AirtelPayments,,2026-02-24T11:45:14.995879,FALSE
Airtel,x,sachin_rt,sachin_rt,https://x.com/sachin_rt,,2026-02-24T11:45:15.003990,FALSE
Airtel,x,BarackObama,BarackObama,https://x.com/BarackObama,,2026-02-24T11:45:15.011067,TRUE
Airtel,x,benshapiro,benshapiro,https://x.com/benshapiro,,2026-02-24T11:45:15.020857,FALSE
Bank of Baroda,x,Bankofbaroda19,Bankofbaroda19,https://x.com/Bankofbaroda19,,2026-02-24T11:45:26.020636,FALSE
Bank of Baroda,x,Bankofbaroda3,Bankofbaroda3,https://x.com/Bankofbaroda3,,2026-02-24T11:45:26.028408,FALSE
Bank of Baroda,x,eod1998,eod1998,https://x.com/eod1998,,2026-02-24T11:45:26.039939,TRUE
Bank of Baroda,x,madthi2,madthi2,https://x.com/madthi2,,2026-02-24T11:45:26.047708,TRUE
Bank of Baroda,x,bankofbarodaAIT,bankofbarodaAIT,https://x.com/bankofbarodaAIT,,2026-02-24T11:45:26.059152,FALSE
Bank of Baroda,x,bankofbaroda,bankofbaroda,https://x.com/bankofbaroda,,2026-02-24T11:45:44.247636,FALSE
Bank of Baroda,x,BankofbarodaC,BankofbarodaC,https://x.com/BankofbarodaC,,2026-02-24T11:45:26.076765,FALSE
Bank of Baroda,x,BBankofbaroda,BBankofbaroda,https://x.com/BBankofbaroda,,2026-02-24T11:45:26.085517,FALSE
Bank of Baroda,x,VBankofbaroda,VBankofbaroda,https://x.com/VBankofbaroda,,2026-02-24T11:45:26.093134,FALSE
Bank of Baroda,x,Bankofbaroda57,Bankofbaroda57,https://x.com/Bankofbaroda57,,2026-02-24T11:45:26.101920,FALSE
Bank of Baroda,x,bobbankvillage,bobbankvillage,https://x.com/bobbankvillage,,2026-02-24T11:45:35.108392,FALSE
Bank of Baroda,x,bobjbrown,bobjbrown,https://x.com/bobjbrown,,2026-02-24T11:45:35.116643,FALSE
Bank of Baroda,x,BOB_BankOnBonk,CA: ABs5ZH3Y3NHSMbrtgxUyanvHCeP4qL4vmnVeFVPXpump,https://x.com/BOB_BankOnBonk,We are excited for the next chapter on pumpfun!,2026-02-24T11:45:35.123252,FALSE
Bank of Baroda,x,Bobbank40956602,Bobbank40956602,https://x.com/Bobbank40956602,,2026-02-24T11:45:35.129133,FALSE
Bank of Baroda,x,big_bank_bob,big_bank_bob,https://x.com/big_bank_bob,,2026-02-24T11:45:35.137263,FALSE
Bank of Baroda,x,Bobbank11,Bobbank11,https://x.com/Bobbank11,,2026-02-24T11:45:35.143420,FALSE
Bank of Baroda,x,bobbank723,bobbank723,https://x.com/bobbank723,,2026-02-24T11:45:35.151035,FALSE
Bank of Baroda,x,BankofBase_fun,BankofBase_fun,https://x.com/BankofBase_fun,,2026-02-24T11:45:35.158206,FALSE
Bank of Baroda,x,bobbank1927,bobbank1927,https://x.com/bobbank1927,,2026-02-24T11:45:35.167738,FALSE
Bank of Baroda,x,BOBBANK760300,BOBBANK760300,https://x.com/BOBBANK760300,,2026-02-24T11:45:35.190842,FALSE
Bank of Baroda,x,VijayaBankIndia,VijayaBankIndia,https://x.com/VijayaBankIndia,,2026-02-24T11:45:44.260756,FALSE
Bank of Baroda,x,BankofBarodaCEO,BankofBarodaCEO,https://x.com/BankofBarodaCEO,,2026-02-24T11:45:44.269725,FALSE
Bank of Baroda,x,vikramadityask,vikramadityask,https://x.com/vikramadityask,,2026-02-24T11:45:44.278282,TRUE
Bank of Baroda,x,Bobeu_tn,Bobeu_tn,https://x.com/Bobeu_tn,,2026-02-24T11:45:44.288652,TRUE
Bank of Baroda,x,AllBaroda,AllBaroda,https://x.com/AllBaroda,,2026-02-24T11:45:44.298420,FALSE
Bank of Baroda,x,RbBaroda,RbBaroda,https://x.com/RbBaroda,,2026-02-24T11:45:44.309841,FALSE
Bank of Baroda,x,baroda2595,baroda2595,https://x.com/baroda2595,,2026-02-24T11:45:44.319486,FALSE
Bank of Baroda,x,baroda95573,baroda95573,https://x.com/baroda95573,,2026-02-24T11:45:44.329841,FALSE
Bank of Baroda,x,VijendraUp,VijendraUp,https://x.com/VijendraUp,,2026-02-24T11:45:44.338745,TRUE
Civil Registration System,x,crss24pgs,crss24pgs,https://x.com/crss24pgs,,2026-02-24T11:46:32.256418,TRUE
Civil Registration System,x,isro,isro,https://x.com/isro,,2026-02-24T11:45:55.481996,TRUE
Civil Registration System,x,NatGeo,NatGeo,https://x.com/NatGeo,,2026-02-24T11:46:32.278646,TRUE
Civil Registration System,x,GOVSI122607,GOVSI122607,https://x.com/GOVSI122607,,2026-02-24T11:46:04.611141,TRUE
Civil Registration System,x,Govsf4z,Govsf4z,https://x.com/Govsf4z,,2026-02-24T11:46:04.619779,TRUE
Civil Registration System,x,GGovGovGoowqf,GGovGovGoowqf,https://x.com/GGovGovGoowqf,,2026-02-24T11:46:04.627960,TRUE
Civil Registration System,x,CRgovEoEsdOmsrm,CRgovEoEsdOmsrm,https://x.com/CRgovEoEsdOmsrm,,2026-02-24T11:46:13.802989,TRUE
Civil Registration System,x,picYtCRgovZCiMC,picYtCRgovZCiMC,https://x.com/picYtCRgovZCiMC,,2026-02-24T11:46:13.813060,TRUE
Civil Registration System,x,Y4Y2LHvywCRGOV0,Y4Y2LHvywCRGOV0,https://x.com/Y4Y2LHvywCRGOV0,,2026-02-24T11:46:13.820531,TRUE
Civil Registration System,x,CablelandCRSGov,CablelandCRSGov,https://x.com/CablelandCRSGov,,2026-02-24T11:46:13.829248,TRUE
Civil Registration System,x,CrgovHAd8kzwVwN,CrgovHAd8kzwVwN,https://x.com/CrgovHAd8kzwVwN,,2026-02-24T11:46:13.836111,TRUE
Civil Registration System,x,Kk9uCrgovZLPmAo,Kk9uCrgovZLPmAo,https://x.com/Kk9uCrgovZLPmAo,,2026-02-24T11:46:13.843968,TRUE
Civil Registration System,x,SrLNA0N2GlCRGOv,SrLNA0N2GlCRGOv,https://x.com/SrLNA0N2GlCRGOv,,2026-02-24T11:46:13.851736,TRUE
Civil Registration System,x,crgov,Find the Town's social media policy at http://CRgov.com/SocialMediaPolicy….,https://x.com/crgov,,2026-02-24T11:46:13.859824,TRUE
Civil Registration System,x,Tesla,Tesla,https://x.com/Tesla,,2026-02-24T11:46:41.673265,TRUE
Civil Registration System,x,cr2india,cr2india,https://x.com/cr2india,,2026-02-24T11:46:22.969827,TRUE
Civil Registration System,x,IndiaAkhilCR,IndiaAkhilCR,https://x.com/IndiaAkhilCR,,2026-02-24T11:46:22.976836,TRUE
Civil Registration System,x,OlyvIndia,OlyvIndia,https://x.com/OlyvIndia,,2026-02-24T11:46:22.983302,TRUE
Civil Registration System,x,Clash_India_Cr,Clash_India_Cr,https://x.com/Clash_India_Cr,,2026-02-24T11:46:22.991331,TRUE
Civil Registration System,x,EllenCr12337404,EllenCr12337404,https://x.com/EllenCr12337404,,2026-02-24T11:46:22.997833,TRUE
Civil Registration System,x,CRIndia_Team,CRIndia_Team,https://x.com/CRIndia_Team,,2026-02-24T11:46:23.007830,FALSE
Civil Registration System,x,TeamIndiaCR,A New India Team India !,https://x.com/TeamIndiaCR,,2026-02-24T11:46:23.018449,TRUE
Civil Registration System,x,CrLoversIndia,CrLoversIndia,https://x.com/CrLoversIndia,,2026-02-24T11:46:23.027351,TRUE
Civil Registration System,x,CR_JICAIndia,CR_JICAIndia,https://x.com/CR_JICAIndia,,2026-02-24T11:46:23.077085,TRUE
Civil Registration System,x,Cr7india1994,Cr7india1994,https://x.com/Cr7india1994,,2026-02-24T11:46:23.084566,TRUE
HDFC Bank,x,HDFCBank_Cares,HDFCBank_Cares,https://x.com/HDFCBank_Cares,,2026-02-24T11:47:01.819055,FALSE
HDFC Bank,x,HDFC_Bank,HDFC_Bank,https://x.com/HDFC_Bank,,2026-02-24T11:47:01.798824,FALSE
HDFC Bank,x,HDFCBankNews,HDFCBankNews,https://x.com/HDFCBankNews,,2026-02-24T11:46:52.729518,FALSE
HDFC Bank,x,CarebyHDFC_HL,CarebyHDFC_HL,https://x.com/CarebyHDFC_HL,,2026-02-24T11:47:01.812998,FALSE
HDFC Bank,x,shivamkansalca,shivamkansalca,https://x.com/shivamkansalca,,2026-02-24T11:46:52.743620,TRUE
HDFC Bank,x,HDFCBank123606,HDFCBank123606,https://x.com/HDFCBank123606,,2026-02-24T11:46:52.749581,FALSE
HDFC Bank,x,HomeLoansByHDFC,HomeLoansByHDFC,https://x.com/HomeLoansByHDFC,,2026-02-24T11:46:52.761399,FALSE
HDFC Bank,x,230Hdfcbank,230Hdfcbank,https://x.com/230Hdfcbank,,2026-02-24T11:46:52.767004,FALSE
HDFC Bank,x,HDFCBANK198419,HDFCBANK198419,https://x.com/HDFCBANK198419,,2026-02-24T11:46:52.773526,FALSE
HDFC Bank,x,HDFCBankTrsry,HDFCBankTrsry,https://x.com/HDFCBankTrsry,,2026-02-24T11:46:52.781424,FALSE
HDFC Bank,x,HDFCSKY,HDFCSKY,https://x.com/HDFCSKY,,2026-02-24T11:47:01.791748,FALSE
HDFC Bank,x,HDFCERGOGIC,HDFCERGOGIC,https://x.com/HDFCERGOGIC,,2026-02-24T11:47:01.805135,FALSE
HDFC Bank,x,vijaimantrimf,vijaimantrimf,https://x.com/vijaimantrimf,,2026-02-24T11:47:01.826469,TRUE
HDFC Bank,x,hdfcsec,hdfcsec,https://x.com/hdfcsec,,2026-02-24T11:47:01.832676,FALSE
HDFC Bank,x,hdfcmf,#BharosaApnoKa,https://x.com/hdfcmf,,2026-02-24T11:47:01.840696,FALSE
HDFC Bank,x,rajubhai_DMK,rajubhai_DMK,https://x.com/rajubhai_DMK,,2026-02-24T11:47:01.848924,FALSE
HDFC Bank,x,HDFCCoalition,HDFCCoalition,https://x.com/HDFCCoalition,,2026-02-24T11:47:01.858873,FALSE
HDFC Bank,x,Ojha18Sanjay,Ojha18Sanjay,https://x.com/Ojha18Sanjay,,2026-02-24T11:47:10.903399,TRUE
HDFC Bank,x,a_tembhre,a_tembhre,https://x.com/a_tembhre,,2026-02-24T11:47:10.911073,TRUE
HDFC Bank,x,NFL,NFL,https://x.com/NFL,,2026-02-24T11:47:10.917684,TRUE
ICICI Bank,x,ICICIBank,ICICIBank,https://x.com/ICICIBank,,2026-02-24T11:47:40.237167,FALSE
ICICI Bank,x,ICICIBank_Care,ICICIBank_Care,https://x.com/ICICIBank_Care,,2026-02-24T11:47:40.260147,FALSE
ICICI Bank,x,ICICIBA28718589,ICICIBA28718589,https://x.com/ICICIBA28718589,,2026-02-24T11:47:21.986319,FALSE
ICICI Bank,x,ICICIBANK3,ICICIBANK3,https://x.com/ICICIBANK3,,2026-02-24T11:47:21.994641,FALSE
ICICI Bank,x,IciciB62071,IciciB62071,https://x.com/IciciB62071,,2026-02-24T11:47:22.000737,FALSE
ICICI Bank,x,bank_icici70043,bank_icici70043,https://x.com/bank_icici70043,,2026-02-24T11:47:22.008662,FALSE
ICICI Bank,x,ICICIBA96666086,ICICIBA96666086,https://x.com/ICICIBA96666086,,2026-02-24T11:47:22.015077,FALSE
ICICI Bank,x,IciciB30619,Youtbe channel: https://youtube.com/channel/UC3mYOMmXinElN4jX0e6…,https://x.com/IciciB30619,,2026-02-24T11:47:22.023350,FALSE
ICICI Bank,x,ICICI00079446,ICICI00079446,https://x.com/ICICI00079446,,2026-02-24T11:47:22.029397,FALSE
ICICI Bank,x,ICICIBA52437265,ICICIBA52437265,https://x.com/ICICIBA52437265,,2026-02-24T11:47:22.035584,FALSE
ICICI Bank,x,ICICIAlternates,ICICIAlternates,https://x.com/ICICIAlternates,,2026-02-24T11:47:31.089698,FALSE
ICICI Bank,x,ICICILombard,http://icicilombard.com| IL TakeCare App| RIA WhatsApp: 7738282666,https://x.com/ICICILombard,,2026-02-24T11:47:31.096953,FALSE
ICICI Bank,x,ICICIPruLife,ICICIPruLife,https://x.com/ICICIPruLife,,2026-02-24T11:47:31.102808,FALSE
ICICI Bank,x,ICICIFoundation,ICICIFoundation,https://x.com/ICICIFoundation,,2026-02-24T11:47:31.111780,FALSE
ICICI Bank,x,icici,icici,https://x.com/icici,,2026-02-24T11:47:31.124796,FALSE
ICICI Bank,x,icicifellows,icicifellows,https://x.com/icicifellows,,2026-02-24T11:47:31.132349,FALSE
ICICI Bank,x,MoneyWithMi,MoneyWithMi,https://x.com/MoneyWithMi,,2026-02-24T11:47:31.138755,TRUE
ICICI Bank,x,ICICI_Direct,Support @icicidirectcare,https://x.com/ICICI_Direct,,2026-02-24T11:47:31.146063,FALSE
ICICI Bank,x,ICICIDirectcare,Official support for @ICICI_Direct,https://x.com/ICICIDirectcare,,2026-02-24T11:47:31.158036,FALSE
ICICI Bank,x,CKforCleanIndia,CKforCleanIndia,https://x.com/CKforCleanIndia,,2026-02-24T11:47:40.267116,FALSE
ICICI Bank,x,ICICIBank10,ICICIBank10,https://x.com/ICICIBank10,,2026-02-24T11:47:40.274415,FALSE
ICICI Bank,x,ved_icicibank,ved_icicibank,https://x.com/ved_icicibank,,2026-02-24T11:47:40.280375,FALSE
ICICI Bank,x,icicibank_com,icicibank_com,https://x.com/icicibank_com,,2026-02-24T11:47:40.286384,FALSE
ICICI Bank,x,IcicibankA,IcicibankA,https://x.com/IcicibankA,,2026-02-24T11:47:40.293632,FALSE
ICICI Bank,x,IcicibankSaran,IcicibankSaran,https://x.com/IcicibankSaran,,2026-02-24T11:47:40.299285,FALSE
ICICI Bank,x,IcicibankKumar,IcicibankKumar,https://x.com/IcicibankKumar,,2026-02-24T11:47:40.306607,FALSE
ICICI Bank,x,sagar_icicibank,sagar_icicibank,https://x.com/sagar_icicibank,,2026-02-24T11:47:40.314918,FALSE
Indian Oil Corporation Limited,x,Dirpl_iocl,Dirpl_iocl,https://x.com/Dirpl_iocl,,2026-02-24T11:48:18.618461,FALSE
Indian Oil Corporation Limited,x,iocl2008,iocl2008,https://x.com/iocl2008,,2026-02-24T11:47:51.355081,TRUE
Indian Oil Corporation Limited,x,OilIndian51150,OilIndian51150,https://x.com/OilIndian51150,,2026-02-24T11:47:51.363388,FALSE
Indian Oil Corporation Limited,x,DirF_iocl,DirF_iocl,https://x.com/DirF_iocl,,2026-02-24T11:48:00.484485,FALSE
Indian Oil Corporation Limited,x,IOCL_Amritsar,IOCL_Amritsar,https://x.com/IOCL_Amritsar,,2026-02-24T11:47:51.377475,FALSE
Indian Oil Corporation Limited,x,IOCLpdo,IOCLpdo,https://x.com/IOCLpdo,,2026-02-24T11:47:51.383885,TRUE
Indian Oil Corporation Limited,x,iocl_do,iocl_do,https://x.com/iocl_do,,2026-02-24T11:47:51.391737,TRUE
Indian Oil Corporation Limited,x,Cobratate,Cobratate,https://x.com/Cobratate,,2026-02-24T11:47:51.412991,FALSE
Indian Oil Corporation Limited,x,IndianOilcl,IndianOilcl,https://x.com/IndianOilcl,,2026-02-24T11:48:00.449834,FALSE
Indian Oil Corporation Limited,x,DirPBD_iocl,DirPBD_iocl,https://x.com/DirPBD_iocl,,2026-02-24T11:48:18.648535,FALSE
Indian Oil Corporation Limited,x,ioclmp,ioclmp,https://x.com/ioclmp,,2026-02-24T11:48:00.469487,TRUE
Indian Oil Corporation Limited,x,IndianOil_Highw,IndianOil_Highw,https://x.com/IndianOil_Highw,,2026-02-24T11:48:00.476311,FALSE
Indian Oil Corporation Limited,x,DirHR_iocl,DirHR_iocl,https://x.com/DirHR_iocl,,2026-02-24T11:48:09.540798,FALSE
Indian Oil Corporation Limited,x,DirMktg_iocl,DirMktg_iocl,https://x.com/DirMktg_iocl,,2026-02-24T11:48:00.498845,FALSE
Indian Oil Corporation Limited,x,DirR_iocl,DirR_iocl,https://x.com/DirR_iocl,,2026-02-24T11:48:18.605651,FALSE
Indian Oil Corporation Limited,x,IndianOil_Delhi,IndianOil_Delhi,https://x.com/IndianOil_Delhi,,2026-02-24T11:48:18.599807,FALSE
Indian Oil Corporation Limited,x,ChairmanIOCL,ChairmanIOCL,https://x.com/ChairmanIOCL,,2026-02-24T11:48:09.534660,TRUE
Indian Oil Corporation Limited,x,DirRnD_iocl,DirRnD_iocl,https://x.com/DirRnD_iocl,,2026-02-24T11:48:09.547946,FALSE
Indian Oil Corporation Limited,x,IoclApprentice,IoclApprentice,https://x.com/IoclApprentice,,2026-02-24T11:48:09.553441,TRUE
Indian Oil Corporation Limited,x,AIIAAA_OFFICIAL,AIIAAA_OFFICIAL,https://x.com/AIIAAA_OFFICIAL,,2026-02-24T11:48:09.560730,TRUE
Indian Oil Corporation Limited,x,iocl_pbd,iocl_pbd,https://x.com/iocl_pbd,,2026-02-24T11:48:18.627387,TRUE
Indian Oil Corporation Limited,x,rakesh_iocl,rakesh_iocl,https://x.com/rakesh_iocl,,2026-02-24T11:48:18.634475,TRUE
Indian Oil Corporation Limited,x,karnataka_ioc,karnataka_ioc,https://x.com/karnataka_ioc,,2026-02-24T11:48:18.640779,TRUE
Indian Oil Corporation Limited,x,IOCL_Rajasthan,IOCL_Rajasthan,https://x.com/IOCL_Rajasthan,,2026-02-24T11:48:18.654726,TRUE
Indian Oil Corporation Limited,x,IOCL_UP,IOCL_UP,https://x.com/IOCL_UP,,2026-02-24T11:48:18.660918,TRUE
Indian Oil Corporation Limited,x,punedo_iocl,punedo_iocl,https://x.com/punedo_iocl,,2026-02-24T11:48:18.668422,TRUE
IRCTC,x,IRCTCEQUERY,IRCTCEQUERY,https://x.com/IRCTCEQUERY,,2026-02-24T11:48:29.719982,FALSE
IRCTC,x,MrBeast,MrBeast,https://x.com/MrBeast,,2026-02-24T11:48:38.859947,FALSE
NIC,x,miakhalifa,miakhalifa,https://x.com/miakhalifa,,2026-02-24T11:48:58.937625,TRUE
NIC,x,cnnbrk,cnnbrk,https://x.com/cnnbrk,,2026-02-24T11:49:17.053994,TRUE
SBI,x,imVkohli,imVkohli,https://x.com/imVkohli,,2026-02-24T11:50:28.320939,TRUE
Airtel,linkedin,airtel,Follow,https://www.linkedin.com/company/airtel/,,2026-02-24T15:45:40.325799,FALSE
Airtel,linkedin,airtelpaymentsbank,Follow,https://www.linkedin.com/company/airtelpaymentsbank/,,2026-02-24T15:45:40.338482,FALSE
Airtel,linkedin,airtel-digital,Follow,https://www.linkedin.com/company/airtel-digital/,,2026-02-24T15:45:40.351891,FALSE
Airtel,linkedin,airtel-nigeria,Follow,https://www.linkedin.com/company/airtel-nigeria/,,2026-02-24T15:45:40.409540,FALSE
Airtel,linkedin,airtel-business,Follow,https://www.linkedin.com/company/airtel-business/,,2026-02-24T15:45:40.365540,FALSE
Airtel,linkedin,airtel-africa,Follow,https://www.linkedin.com/company/airtel-africa/,,2026-02-24T15:45:40.436770,FALSE
Airtel,linkedin,airtel-international-llp-airtel-africa,Follow,https://www.linkedin.com/company/airtel-international-llp-airtel-africa/,,2026-02-24T15:45:40.380066,FALSE
Airtel,linkedin,airteluganda,Follow,https://www.linkedin.com/company/airteluganda/,,2026-02-24T15:45:11.723861,FALSE
Airtel,linkedin,bhartiairtelfoundation,Follow,https://www.linkedin.com/company/bhartiairtelfoundation/,,2026-02-24T15:45:40.396537,FALSE
Airtel,linkedin,airtelzambia,Follow,https://www.linkedin.com/company/airtelzambia/,,2026-02-24T15:45:11.755105,FALSE
Airtel,linkedin,bharti-airtel-limited.-airtel-enterprise-services-,Bharti Airtel Limited. (Airtel Enterprise Services),https://www.linkedin.com/company/bharti-airtel-limited.-airtel-enterprise-services-/,,2026-02-24T15:45:25.810730,FALSE
Airtel,linkedin,bharti-bharti-airtel-limited-,Bharti (Bharti Airtel Limited ),https://www.linkedin.com/company/bharti-bharti-airtel-limited-/,,2026-02-24T15:45:25.818872,FALSE
Airtel,linkedin,bharti-airtel-international-netherland-b-v-,Follow,https://www.linkedin.com/company/bharti-airtel-international-netherland-b-v-/,,2026-02-24T15:45:25.831730,FALSE
Airtel,linkedin,bharti-airtel-limited.-broadband-&-telephone-services-mysore,"Bharti Airtel Limited., Broadband & Telephone Services, Mysore",https://www.linkedin.com/company/bharti-airtel-limited.-broadband-&-telephone-services-mysore/,,2026-02-24T15:45:25.841469,FALSE
Airtel,linkedin,bharti-airtel-telemedia-limited.,Bharti Airtel Telemedia Limited.,https://www.linkedin.com/company/bharti-airtel-telemedia-limited./,,2026-02-24T15:45:25.849277,FALSE
Airtel,linkedin,bharti-airtel-limited-mumbai,"Bharti Airtel Limited,Mumbai",https://www.linkedin.com/company/bharti-airtel-limited-mumbai/,,2026-02-24T15:45:25.858599,FALSE
Airtel,linkedin,bharti-airtel-limited-associate-emp-,Bharti Airtel Limited (Associate Emp),https://www.linkedin.com/company/bharti-airtel-limited-associate-emp-/,,2026-02-24T15:45:25.868700,FALSE
Airtel,linkedin,bharti-airtel-limited-maharashtra-&-goa,"Bharti Airtel Limited, Maharashtra & Goa",https://www.linkedin.com/company/bharti-airtel-limited-maharashtra-&-goa/,,2026-02-24T15:45:25.877626,FALSE
Airtel,linkedin,bharti-airtel-telemedia-services,Bharti Airtel Telemedia Services,https://www.linkedin.com/company/bharti-airtel-telemedia-services/,,2026-02-24T15:45:25.886156,FALSE
Airtel,linkedin,nxtrabyairtel,Follow,https://www.linkedin.com/company/nxtrabyairtel/,,2026-02-24T15:45:40.425341,FALSE
Airtel,linkedin,airtelcares,Follow,https://www.linkedin.com/company/airtelcares/,,2026-02-24T15:45:40.449200,FALSE
Bank of Baroda,linkedin,bob-capital-markets-limited,Follow,https://www.linkedin.com/company/bob-capital-markets-limited/,,2026-02-24T15:46:41.813601,TRUE
Bank of Baroda,linkedin,tru-gaglardi,Follow,https://www.linkedin.com/company/tru-gaglardi/,,2026-02-24T15:46:41.826619,FALSE
Bank of Baroda,linkedin,21728,Page by Thompson Rivers University,https://www.linkedin.com/company/21728/,,2026-02-24T15:46:41.832907,TRUE
Bank of Baroda,linkedin,bank-of-the-bahamas,Follow,https://www.linkedin.com/company/bank-of-the-bahamas/,,2026-02-24T15:46:41.845511,FALSE
Bank of Baroda,linkedin,bankofbhutan,Follow,https://www.linkedin.com/company/bankofbhutan/,,2026-02-24T15:46:41.864952,FALSE
Bank of Baroda,linkedin,bank-of-bolivar,Follow,https://www.linkedin.com/company/bank-of-bolivar/,,2026-02-24T15:46:41.877354,FALSE
Bank of Baroda,linkedin,silver-point-capital-lp,Follow,https://www.linkedin.com/company/silver-point-capital-lp/,,2026-02-24T15:46:41.891480,TRUE
Bank of Baroda,linkedin,burgan-bank,Follow,https://www.linkedin.com/company/burgan-bank/,,2026-02-24T15:46:41.904548,FALSE
Bank of Baroda,linkedin,sonorabank,Follow,https://www.linkedin.com/company/sonorabank/,,2026-02-24T15:46:41.916534,FALSE
Bank of Baroda,linkedin,fpltech,Follow,https://www.linkedin.com/company/fpltech/,,2026-02-24T15:46:41.929379,TRUE
Bank of Baroda,linkedin,bob-cards-limited-a-wholly-owned-subsidiary-of-bank-of-baroda-,Bob Cards Limited (A Wholly Owned Subsidiary Of Bank Of Baroda),https://www.linkedin.com/company/bob-cards-limited-a-wholly-owned-subsidiary-of-bank-of-baroda-/,,2026-02-24T15:46:41.938541,FALSE
Bank of Baroda,linkedin,bankofbaroda,Follow,https://www.linkedin.com/company/bankofbaroda/,,2026-02-24T15:46:56.362978,FALSE
Bank of Baroda,linkedin,baroda-global-shared-services-ltd,Follow,https://www.linkedin.com/company/baroda-global-shared-services-ltd/,,2026-02-24T15:46:56.375650,FALSE
Bank of Baroda,linkedin,barodabnpparibasmf,Follow,https://www.linkedin.com/company/barodabnpparibasmf/,,2026-02-24T15:46:56.389298,FALSE
Bank of Baroda,linkedin,bank-of-baroda-uk,Follow,https://www.linkedin.com/company/bank-of-baroda-uk/,,2026-02-24T15:46:56.401819,FALSE
Bank of Baroda,linkedin,bank-of-baroda,Bank of Baroda,https://www.linkedin.com/company/bank-of-baroda/,,2026-02-24T15:46:56.409555,FALSE
Bank of Baroda,linkedin,baroda-up-gramin-bank,Baroda UP Gramin Bank,https://www.linkedin.com/company/baroda-up-gramin-bank/,,2026-02-24T15:46:56.418570,FALSE
Bank of Baroda,linkedin,baroda-rajasthan-kshetriya-gramin-bank,Follow,https://www.linkedin.com/company/baroda-rajasthan-kshetriya-gramin-bank/,,2026-02-24T15:46:56.432479,FALSE
Bank of Baroda,linkedin,bank-of-baroda-tanzania,Bank of Baroda Tanzania,https://www.linkedin.com/company/bank-of-baroda-tanzania/,,2026-02-24T15:46:56.441247,FALSE
Bank of Baroda,linkedin,baroda-gujarat-gramin-bank,Follow,https://www.linkedin.com/company/baroda-gujarat-gramin-bank/,,2026-02-24T15:46:56.455694,FALSE
Bank of Baroda,linkedin,baroda-uttar-pradesh-gramin-bank,Baroda Uttar Pradesh Gramin Bank,https://www.linkedin.com/company/baroda-uttar-pradesh-gramin-bank/,,2026-02-24T15:46:56.463799,FALSE
Civil Registration System,linkedin,uganda-registration-services-bureau,Follow,https://www.linkedin.com/company/uganda-registration-services-bureau/,,2026-02-24T15:48:11.502819,FALSE
Civil Registration System,linkedin,ndi-engineering-company,Follow,https://www.linkedin.com/company/ndi-engineering-company/,,2026-02-24T15:48:11.516151,FALSE
Civil Registration System,linkedin,ikan-engineering-services,Follow,https://www.linkedin.com/company/ikan-engineering-services/,,2026-02-24T15:48:11.530204,TRUE
Civil Registration System,linkedin,bermuda-civil-aviation-authority,Follow,https://www.linkedin.com/company/bermuda-civil-aviation-authority/,,2026-02-24T15:48:11.546005,FALSE
Civil Registration System,linkedin,tax-practitioners-board,Follow,https://www.linkedin.com/company/tax-practitioners-board/,,2026-02-24T15:48:11.558459,FALSE
Civil Registration System,linkedin,kelington-group-berhad,Follow,https://www.linkedin.com/company/kelington-group-berhad/,,2026-02-24T15:48:11.570715,TRUE
Civil Registration System,linkedin,stc-llc,Follow,https://www.linkedin.com/company/stc-llc/,,2026-02-24T15:48:11.584939,TRUE
Civil Registration System,linkedin,i-i-leri-bakanl-,Follow,https://www.linkedin.com/company/i-i-leri-bakanl-/,,2026-02-24T15:48:11.599899,FALSE
Civil Registration System,linkedin,mamta-health-institute-for-mother-and-child,Follow,https://www.linkedin.com/company/mamta-health-institute-for-mother-and-child/,,2026-02-24T15:48:11.615222,TRUE
Civil Registration System,linkedin,israeli-ministry-of-justice,Follow,https://www.linkedin.com/company/israeli-ministry-of-justice/,,2026-02-24T15:48:11.627973,FALSE
Civil Registration System,linkedin,webcrs,Follow,https://www.linkedin.com/company/webcrs/,,2026-02-24T15:47:57.509634,TRUE
Civil Registration System,linkedin,crs-technologies---india,CRS Technologies - India,https://www.linkedin.com/company/crs-technologies---india/,,2026-02-24T15:47:57.518695,TRUE
Civil Registration System,linkedin,crs-realtors-india-private-limited,CRS REALTORS INDIA PRIVATE LIMITED,https://www.linkedin.com/company/crs-realtors-india-private-limited/,,2026-02-24T15:47:57.527235,FALSE
Civil Registration System,linkedin,crs-art-collection-india,CRS ART COLLECTION INDIA,https://www.linkedin.com/company/crs-art-collection-india/,,2026-02-24T15:47:57.536673,FALSE
Civil Registration System,linkedin,crs-research-&-processing-india-private-limited,CRS RESEARCH & PROCESSING INDIA PRIVATE LIMITED,https://www.linkedin.com/company/crs-research-&-processing-india-private-limited/,,2026-02-24T15:47:57.545877,FALSE
HDFC Bank,linkedin,hdfc-bank,Follow,https://www.linkedin.com/company/hdfc-bank/,,2026-02-24T15:49:15.012593,FALSE
HDFC Bank,linkedin,adfc-hdfc-bank-limited-,Follow,https://www.linkedin.com/company/adfc-hdfc-bank-limited-/,,2026-02-24T15:49:15.053075,FALSE
HDFC Bank,linkedin,csr-hdfcbank,Follow,https://www.linkedin.com/company/csr-hdfcbank/,,2026-02-24T15:49:15.032504,FALSE
HDFC Bank,linkedin,164151,Page by HDFC Bank,https://www.linkedin.com/company/164151/,,2026-02-24T15:49:15.038240,FALSE
HDFC Bank,linkedin,hdfc-bank-ltd,HDFC BANK LTD,https://www.linkedin.com/company/hdfc-bank-ltd/,,2026-02-24T15:49:15.089199,FALSE
HDFC Bank,linkedin,hdfcleadscreditcards,HDFC Bank Credit Cards,https://www.linkedin.com/company/hdfcleadscreditcards/,,2026-02-24T15:49:15.079358,FALSE
HDFC Bank,linkedin,innovations-hdfcbank,Follow,https://www.linkedin.com/company/innovations-hdfcbank/,,2026-02-24T15:49:15.067862,FALSE
HDFC Bank,linkedin,hdfc-bank-srilanka,Follow,https://www.linkedin.com/company/hdfc-bank-srilanka/,,2026-02-24T15:49:15.104828,FALSE
HDFC Bank,linkedin,hdfc-bank-of-sri-lanka,HDFC Bank of Sri Lanka,https://www.linkedin.com/company/hdfc-bank-of-sri-lanka/,,2026-02-24T15:49:15.115253,FALSE
HDFC Bank,linkedin,hdfc-bank-personal-loan,Hdfc bank personal loan,https://www.linkedin.com/company/hdfc-bank-personal-loan/,,2026-02-24T15:49:15.123271,FALSE
HDFC Bank,linkedin,mount-housing-&-infrastructure-limited,Follow,https://www.linkedin.com/company/mount-housing-&-infrastructure-limited/,,2026-02-24T15:49:15.136077,TRUE
HDFC Bank,linkedin,hdfc,Follow,https://www.linkedin.com/company/hdfc/,,2026-02-24T15:49:00.802619,FALSE
HDFC Bank,linkedin,hdfc-life,Follow,https://www.linkedin.com/company/hdfc-life/,,2026-02-24T15:49:00.815932,FALSE
HDFC Bank,linkedin,hdfc-securities,Follow,https://www.linkedin.com/company/hdfc-securities/,,2026-02-24T15:49:00.829231,FALSE
HDFC Bank,linkedin,hdfcergo,Follow,https://www.linkedin.com/company/hdfcergo/,,2026-02-24T15:49:00.841065,FALSE
HDFC Bank,linkedin,credilafinance,Follow,https://www.linkedin.com/company/credilafinance/,,2026-02-24T15:49:00.869060,FALSE
HDFC Bank,linkedin,hdfcmf,Follow,https://www.linkedin.com/company/hdfcmf/,,2026-02-24T15:49:00.883010,FALSE
HDFC Bank,linkedin,hdfc-sales-pvt-ltd,Follow,https://www.linkedin.com/company/hdfc-sales-pvt-ltd/,,2026-02-24T15:49:00.896204,FALSE
HDFC Bank,linkedin,hdfc-sky,Follow,https://www.linkedin.com/company/hdfc-sky/,,2026-02-24T15:49:00.907160,FALSE
ICICI Bank,linkedin,icici-bank,Follow,https://www.linkedin.com/company/icici-bank/,,2026-02-24T15:49:48.528163,FALSE
ICICI Bank,linkedin,icici-bank-cares,Follow,https://www.linkedin.com/company/icici-bank-cares/,,2026-02-24T15:49:48.572736,FALSE
ICICI Bank,linkedin,icicibank-usa,Follow,https://www.linkedin.com/company/icicibank-usa/,,2026-02-24T15:49:48.658376,FALSE
ICICI Bank,linkedin,icici-bank-uk-plc,Follow,https://www.linkedin.com/company/icici-bank-uk-plc/,,2026-02-24T15:49:34.295930,FALSE
ICICI Bank,linkedin,icici-bank-canada,Follow,https://www.linkedin.com/company/icici-bank-canada/,,2026-02-24T15:49:34.328597,FALSE
ICICI Bank,linkedin,icici-bank-limited-new-york-branch,"ICICI Bank Limited, New York Branch",https://www.linkedin.com/company/icici-bank-limited-new-york-branch/,,2026-02-24T15:49:34.337555,FALSE
ICICI Bank,linkedin,icici-bank-limited.-off-role-,Icici Bank Limited.(Off Role),https://www.linkedin.com/company/icici-bank-limited.-off-role-/,,2026-02-24T15:49:34.347658,FALSE
ICICI Bank,linkedin,icici-bank-limited-auto-loan-dept-,Icici Bank Limited (Auto Loan Dept),https://www.linkedin.com/company/icici-bank-limited-auto-loan-dept-/,,2026-02-24T15:49:34.355967,FALSE
ICICI Bank,linkedin,icici-bank-limited.-two-wheeler-fiance-dep-,Icici Bank Limited.(Two Wheeler Fiance Dep),https://www.linkedin.com/company/icici-bank-limited.-two-wheeler-fiance-dep-/,,2026-02-24T15:49:34.366172,FALSE
ICICI Bank,linkedin,icici-bank-limited-offroll-employee-team4u-,Icici Bank Limited (Offroll Employee-Team4U),https://www.linkedin.com/company/icici-bank-limited-offroll-employee-team4u-/,,2026-02-24T15:49:34.374979,FALSE
ICICI Bank,linkedin,icicidirect,Follow,https://www.linkedin.com/company/icicidirect/,,2026-02-24T15:49:48.542267,FALSE
ICICI Bank,linkedin,icici-lombard,Follow,https://www.linkedin.com/company/icici-lombard/,,2026-02-24T15:49:48.559369,FALSE
ICICI Bank,linkedin,icici-prudential-life-insurance-company-limited,Follow,https://www.linkedin.com/company/icici-prudential-life-insurance-company-limited/,,2026-02-24T15:49:48.585268,FALSE
ICICI Bank,linkedin,icici-home-finance-company-limited,Follow,https://www.linkedin.com/company/icici-home-finance-company-limited/,,2026-02-24T15:49:48.601596,FALSE
ICICI Bank,linkedin,icici-prudential-amc-ltd,Follow,https://www.linkedin.com/company/icici-prudential-amc-ltd/,,2026-02-24T15:49:48.614485,FALSE
ICICI Bank,linkedin,icici-lombard-general-insurance-company-limited,Follow,https://www.linkedin.com/company/icici-lombard-general-insurance-company-limited/,,2026-02-24T15:49:48.628906,FALSE
ICICI Bank,linkedin,icicifoundation,Follow,https://www.linkedin.com/company/icicifoundation/,,2026-02-24T15:49:48.645153,FALSE
ICICI Bank,linkedin,icici-bank-%EF%BF%BD-i-process-services-india-private-limited,Icici Bank � I Process Services (India) Private Limited,https://www.linkedin.com/company/icici-bank-%EF%BF%BD-i-process-services-india-private-limited/,,2026-02-24T15:50:02.873956,FALSE
ICICI Bank,linkedin,for-icici-bank-in-i-process-services-pvt-india-limited,For Icici Bank In I-Process Services Pvt India Limited,https://www.linkedin.com/company/for-icici-bank-in-i-process-services-pvt-india-limited/,,2026-02-24T15:50:02.883033,FALSE
ICICI Bank,linkedin,i-process-india-p-limited-associate-of-icici-bank-limited,I Process India P Limited ( Associate Of Icici Bank Limited,https://www.linkedin.com/company/i-process-india-p-limited-associate-of-icici-bank-limited/,,2026-02-24T15:50:02.894199,FALSE
ICICI Bank,linkedin,i-process-india-limited-sister-concern-of-icici-bank.,"I Process India Limited,Sister Concern Of Icici Bank.",https://www.linkedin.com/company/i-process-india-limited-sister-concern-of-icici-bank./,,2026-02-24T15:50:02.903210,FALSE
ICICI Bank,linkedin,icici-bank-limited-i-solutions-services-india-private-limited-,Icici Bank Limited(I Solutions Services India Private Limited),https://www.linkedin.com/company/icici-bank-limited-i-solutions-services-india-private-limited-/,,2026-02-24T15:50:02.913164,FALSE
ICICI Bank,linkedin,i-solutions-india-private-limited-icici-bank-sub,I Solutions India Private Limited Icici Bank Sub,https://www.linkedin.com/company/i-solutions-india-private-limited-icici-bank-sub/,,2026-02-24T15:50:02.922082,FALSE
Indian Oil Corporation Limited,linkedin,indian-oil-corp-limited,Follow,https://www.linkedin.com/company/indian-oil-corp-limited/,,2026-02-24T15:50:36.659445,FALSE
Indian Oil Corporation Limited,linkedin,indian-oil-corporation-limited-iocl-,Follow,https://www.linkedin.com/company/indian-oil-corporation-limited-iocl-/,,2026-02-24T15:51:04.994558,FALSE
Indian Oil Corporation Limited,linkedin,ioagpl,Follow,https://www.linkedin.com/company/ioagpl/,,2026-02-24T15:50:22.426714,TRUE
Indian Oil Corporation Limited,linkedin,chennai-petroleum-corp.-ltd-indian-oil-,Follow,https://www.linkedin.com/company/chennai-petroleum-corp.-ltd-indian-oil-/,,2026-02-24T15:50:36.685573,FALSE
Indian Oil Corporation Limited,linkedin,indian-oil-corporation-ltd.,Indian oil corporation ltd.,https://www.linkedin.com/company/indian-oil-corporation-ltd./,,2026-02-24T15:50:36.705637,FALSE
Indian Oil Corporation Limited,linkedin,indian-oil-corporation-limited-marketing-division-,Indian Oil Corporation Limited (Marketing Division),https://www.linkedin.com/company/indian-oil-corporation-limited-marketing-division-/,,2026-02-24T15:50:22.464407,FALSE
Indian Oil Corporation Limited,linkedin,indian-oil-petronas-pvt-ltd-,Follow,https://www.linkedin.com/company/indian-oil-petronas-pvt-ltd-/,,2026-02-24T15:50:36.718796,FALSE
Indian Oil Corporation Limited,linkedin,indianoiladaniventures,Follow,https://www.linkedin.com/company/indianoiladaniventures/,,2026-02-24T15:50:22.498864,FALSE
Indian Oil Corporation Limited,linkedin,indian-oil-tankages-design-and-engg.-mumbai,Follow,https://www.linkedin.com/company/indian-oil-tankages-design-and-engg.-mumbai/,,2026-02-24T15:50:36.731739,FALSE
Indian Oil Corporation Limited,linkedin,indian-oil-corporation,Follow,https://www.linkedin.com/company/indian-oil-corporation/,,2026-02-24T15:50:36.697701,FALSE
Indian Oil Corporation Limited,linkedin,indian-oil-adani-gas-pvt-ltd-ioagpl,Follow,https://www.linkedin.com/company/indian-oil-adani-gas-pvt-ltd-ioagpl/,,2026-02-24T15:50:36.745070,FALSE
Indian Oil Corporation Limited,linkedin,indian-oil-sky-tanking-limited,Indian Oil Sky Tanking Limited,https://www.linkedin.com/company/indian-oil-sky-tanking-limited/,,2026-02-24T15:50:36.752651,FALSE
Indian Oil Corporation Limited,linkedin,indian-oil-petrol-pump,Indian Oil Petrol Pump,https://www.linkedin.com/company/indian-oil-petrol-pump/,,2026-02-24T15:50:36.761580,FALSE
Indian Oil Corporation Limited,linkedin,iocl-xpressgas,Follow,https://www.linkedin.com/company/iocl-xpressgas/,,2026-02-24T15:51:05.005013,TRUE
Indian Oil Corporation Limited,linkedin,ioc-clearblue,Follow,https://www.linkedin.com/company/ioc-clearblue/,,2026-02-24T15:51:05.016629,TRUE
Indian Oil Corporation Limited,linkedin,iocl-admin-page,IOCL-Admin Page,https://www.linkedin.com/company/iocl-admin-page/,,2026-02-24T15:51:05.026887,FALSE
Indian Oil Corporation Limited,linkedin,1045087,Page by Indian Oxides and Chemicals Pvt. Ltd.,https://www.linkedin.com/company/1045087/,,2026-02-24T15:51:05.032955,FALSE
Indian Oil Corporation Limited,linkedin,iocl-nrpl,IOCL NRPL,https://www.linkedin.com/company/iocl-nrpl/,,2026-02-24T15:51:05.048248,FALSE
Indian Oil Corporation Limited,linkedin,r-&d-centre-iocl-fridabad,R &D Centre Iocl Fridabad,https://www.linkedin.com/company/r-&d-centre-iocl-fridabad/,,2026-02-24T15:51:05.038684,FALSE
Indian Oil Corporation Limited,linkedin,engineering-solutions-for-your-evolving-plastic-needs,Follow,https://www.linkedin.com/company/engineering-solutions-for-your-evolving-plastic-needs/,,2026-02-24T15:51:05.060429,FALSE
Indian Oil Corporation Limited,linkedin,patel-petrol-pump--iocl,Patel Petrol Pump- IOCL,https://www.linkedin.com/company/patel-petrol-pump--iocl/,,2026-02-24T15:51:05.068675,FALSE
Indian Oil Corporation Limited,linkedin,iocl-ibp-division,Iocl Ibp Division,https://www.linkedin.com/company/iocl-ibp-division/,,2026-02-24T15:51:05.076057,FALSE
Indian Oil Corporation Limited,linkedin,iocl-servo-lube-dipo-etawah,IOCL servo Lube Dipo Etawah,https://www.linkedin.com/company/iocl-servo-lube-dipo-etawah/,,2026-02-24T15:51:05.083753,TRUE
IRCTC,linkedin,indian-railway-catering-and-tourism-corporation-ltd.,Indian Railway Catering and Tourism Corporation Ltd.,https://www.linkedin.com/company/indian-railway-catering-and-tourism-corporation-ltd./,,2026-02-24T15:51:24.459891,TRUE
IRCTC,linkedin,irctc,Follow,https://www.linkedin.com/company/irctc/,,2026-02-24T15:51:52.850559,FALSE
IRCTC,linkedin,irctcofficial,Follow,https://www.linkedin.com/company/irctcofficial/,,2026-02-24T15:51:52.863587,FALSE
IRCTC,linkedin,irctcecatering,Follow,https://www.linkedin.com/company/irctcecatering/,,2026-02-24T15:51:52.874482,FALSE
IRCTC,linkedin,irctc-indian-railways-catering-&tourisim-corporation-limited-,Irctc(Indian Railways Catering &Tourisim Corporation Limited),https://www.linkedin.com/company/irctc-indian-railways-catering-&tourisim-corporation-limited-/,,2026-02-24T15:51:52.941795,FALSE
IRCTC,linkedin,irctctourism,Follow,https://www.linkedin.com/company/irctctourism/,,2026-02-24T15:51:52.885741,FALSE
IRCTC,linkedin,airirctc,Follow,https://www.linkedin.com/company/airirctc/,,2026-02-24T15:51:52.897740,FALSE
IRCTC,linkedin,spicywagon,Follow,https://www.linkedin.com/company/spicywagon/,,2026-02-24T15:51:52.908278,TRUE
IRCTC,linkedin,relfood-irctc,Follow,https://www.linkedin.com/company/relfood-irctc/,,2026-02-24T15:51:52.922561,FALSE
IRCTC,linkedin,indian-railways-irctc-&-train-pnr-mobile-apps,Indian Railways IRCTC & Train PNR Mobile Apps,https://www.linkedin.com/company/indian-railways-irctc-&-train-pnr-mobile-apps/,,2026-02-24T15:51:52.931297,FALSE
IRCTC,linkedin,468024,Page by Keyideas Infotech Private Limited,https://www.linkedin.com/company/468024/,,2026-02-24T15:51:52.935939,TRUE
IRCTC,linkedin,leisure-lifestyle-global-services-pvt-ltd,Follow,https://www.linkedin.com/company/leisure-lifestyle-global-services-pvt-ltd/,,2026-02-24T15:51:52.952505,TRUE
NIC,linkedin,nicmeity,Follow,https://www.linkedin.com/company/nicmeity/,,2026-02-24T15:52:12.466884,FALSE
NIC,linkedin,nic-govt-of-india,Follow,https://www.linkedin.com/company/nic-govt-of-india/,,2026-02-24T15:52:12.477539,FALSE
NIC,linkedin,national-informatics-centre-services-inc-nicsi-,National Informatics Centre Services Inc (Nicsi),https://www.linkedin.com/company/national-informatics-centre-services-inc-nicsi-/,,2026-02-24T15:52:12.485991,FALSE
NIC,linkedin,national-informatics-centre-services-incorporated-nic-,National Informatics Centre Services Incorporated(NIC),https://www.linkedin.com/company/national-informatics-centre-services-incorporated-nic-/,,2026-02-24T15:52:12.493088,FALSE
NIC,linkedin,icmr-ncdir,Follow,https://www.linkedin.com/company/icmr-ncdir/,,2026-02-24T15:52:12.504409,FALSE
NIC,linkedin,national-informatics-centre-govt-of-india,National Informatics Centre Govt of India,https://www.linkedin.com/company/national-informatics-centre-govt-of-india/,,2026-02-24T15:52:12.511827,TRUE
NIC,linkedin,national-informatics-centre---ministry-of-communication-&-information-technology,National Informatics Centre - Ministry Of Communication & Information Technology,https://www.linkedin.com/company/national-informatics-centre---ministry-of-communication-&-information-technology/,,2026-02-24T15:52:12.520592,FALSE
NIC,linkedin,national-informatics-centre-services-incorporated,NATIONAL INFORMATICS CENTRE SERVICES INCORPORATED,https://www.linkedin.com/company/national-informatics-centre-services-incorporated/,,2026-02-24T15:52:12.528114,TRUE
NIC,linkedin,goa-state-unit-national-informatics-centre,"Goa State Unit, National Informatics Centre",https://www.linkedin.com/company/goa-state-unit-national-informatics-centre/,,2026-02-24T15:52:12.535423,TRUE
NIC,linkedin,national-informatics-centre-iap-company-limited-,National Informatics Centre (Iap Company Limited),https://www.linkedin.com/company/national-informatics-centre-iap-company-limited-/,,2026-02-24T15:52:12.545674,TRUE
NIC,linkedin,nic-dezignerz-inc---india,"NIC Dezignerz Inc., - India",https://www.linkedin.com/company/nic-dezignerz-inc---india/,,2026-02-24T15:52:26.869757,FALSE
NIC,linkedin,nic-infotech---india,NIC INFOTECH - India,https://www.linkedin.com/company/nic-infotech---india/,,2026-02-24T15:52:26.877248,FALSE
NIC,linkedin,nic-bauchemie-india-private-limited,NIC Bauchemie India Private Limited,https://www.linkedin.com/company/nic-bauchemie-india-private-limited/,,2026-02-24T15:52:26.884664,FALSE
NIC,linkedin,nicgov,NicGov,https://www.linkedin.com/company/nicgov/,,2026-02-24T15:52:40.983154,FALSE
Punjab National Bank,linkedin,pnbindia,Follow,https://www.linkedin.com/company/pnbindia/,,2026-02-24T15:53:14.129204,TRUE
Punjab National Bank,linkedin,punjab-national-bank-retired-chief-,Follow,https://www.linkedin.com/company/punjab-national-bank-retired-chief-/,,2026-02-24T15:53:42.406749,FALSE
Punjab National Bank,linkedin,punjab-national-bank-international-limited-london,Follow,https://www.linkedin.com/company/punjab-national-bank-international-limited-london/,,2026-02-24T15:53:14.154028,FALSE
Punjab National Bank,linkedin,punjab-national-bank-housing-finance-limited,punjab-national-bank-housing-finance-limited,https://www.linkedin.com/company/punjab-national-bank-housing-finance-limited/,,2026-02-24T15:53:14.165104,FALSE
Punjab National Bank,linkedin,punjab-national-bank-institute-of-information-technology,Punjab National Bank Institute of Information Technology,https://www.linkedin.com/company/punjab-national-bank-institute-of-information-technology/,,2026-02-24T15:53:14.172909,FALSE
Punjab National Bank,linkedin,punjab-national-bank-atm,PUNJAB NATIONAL BANK ATM,https://www.linkedin.com/company/punjab-national-bank-atm/,,2026-02-24T15:53:14.182042,FALSE
Punjab National Bank,linkedin,pnb-gilts-limited1,Follow,https://www.linkedin.com/company/pnb-gilts-limited1/,,2026-02-24T15:53:14.195989,TRUE
Punjab National Bank,linkedin,punjab-national-bank-slbc-convenor,PUNJAB NATIONAL BANK (SLBC Convenor,https://www.linkedin.com/company/punjab-national-bank-slbc-convenor/,,2026-02-24T15:53:14.203937,FALSE
Punjab National Bank,linkedin,punjab-national-bank-housin..,Punjab National Bank Housin..,https://www.linkedin.com/company/punjab-national-bank-housin../,,2026-02-24T15:53:14.213418,FALSE
Punjab National Bank,linkedin,punjab-national-bank-csc,punjab national bank csc,https://www.linkedin.com/company/punjab-national-bank-csc/,,2026-02-24T15:53:14.221779,FALSE
Punjab National Bank,linkedin,pnb-housing-finance-ltd.,Follow,https://www.linkedin.com/company/pnb-housing-finance-ltd./,,2026-02-24T15:53:42.310043,FALSE
Punjab National Bank,linkedin,pnb-metlife-india-insurance-co-ltd,Follow,https://www.linkedin.com/company/pnb-metlife-india-insurance-co-ltd/,,2026-02-24T15:53:42.325878,TRUE
Punjab National Bank,linkedin,pnbph,Follow,https://www.linkedin.com/company/pnbph/,,2026-02-24T15:53:42.340214,TRUE
Punjab National Bank,linkedin,pnb-holdings-corporation,Follow,https://www.linkedin.com/company/pnb-holdings-corporation/,,2026-02-24T15:53:42.354055,FALSE
Punjab National Bank,linkedin,pnb-housing-finance-ltd,Follow,https://www.linkedin.com/company/pnb-housing-finance-ltd/,,2026-02-24T15:53:42.366636,FALSE
Punjab National Bank,linkedin,allianzpnblifeofficial,Follow,https://www.linkedin.com/company/allianzpnblifeofficial/,,2026-02-24T15:53:42.379060,TRUE
Punjab National Bank,linkedin,petal-bloom-tech-marketing,Follow,https://www.linkedin.com/company/petal-bloom-tech-marketing/,,2026-02-24T15:53:42.393485,FALSE
Punjab National Bank,linkedin,pnb-development,Follow,https://www.linkedin.com/company/pnb-development/,,2026-02-24T15:53:42.418600,TRUE
Punjab National Bank,linkedin,pnb-pvt-ltd,Follow,https://www.linkedin.com/company/pnb-pvt-ltd/,,2026-02-24T15:53:42.432034,FALSE
SBI,linkedin,state-bank-of-india,Follow,https://www.linkedin.com/company/state-bank-of-india/,,2026-02-24T15:54:43.509484,FALSE
SBI,linkedin,sbical,Follow,https://www.linkedin.com/company/sbical/,,2026-02-24T15:54:15.164883,FALSE
SBI,linkedin,sbi-life-insurance-co--ltd-,Follow,https://www.linkedin.com/company/sbi-life-insurance-co--ltd-/,,2026-02-24T15:54:43.523088,FALSE
SBI,linkedin,sbi-uk,Follow,https://www.linkedin.com/company/sbi-uk/,,2026-02-24T15:54:15.193643,FALSE
SBI,linkedin,state-bank-of-india-south-africa,Follow,https://www.linkedin.com/company/state-bank-of-india-south-africa/,,2026-02-24T15:54:15.207662,TRUE
SBI,linkedin,state-bank-of-india-retail-branch-bahrain,Follow,https://www.linkedin.com/company/state-bank-of-india-retail-branch-bahrain/,,2026-02-24T15:54:15.219570,TRUE
SBI,linkedin,state-bank-of-india-colombo,Follow,https://www.linkedin.com/company/state-bank-of-india-colombo/,,2026-02-24T15:54:15.231437,TRUE
SBI,linkedin,state-bank-of-india-osaka,Follow,https://www.linkedin.com/company/state-bank-of-india-osaka/,,2026-02-24T15:54:15.245183,TRUE
SBI,linkedin,state-bank-of-india---custo..,State Bank Of India - Custo..,https://www.linkedin.com/company/state-bank-of-india---custo../,,2026-02-24T15:54:15.253898,TRUE
SBI,linkedin,state-bank-of-india---bhubaneswar,State Bank Of India - Bhubaneswar,https://www.linkedin.com/company/state-bank-of-india---bhubaneswar/,,2026-02-24T15:54:15.262481,TRUE
SBI,linkedin,sbi-growth-advisory,Follow,https://www.linkedin.com/company/sbi-growth-advisory/,,2026-02-24T15:54:43.496712,FALSE
SBI,linkedin,sbi-card,Follow,https://www.linkedin.com/company/sbi-card/,,2026-02-24T15:54:43.534709,FALSE
SBI,linkedin,sbigeneral,Follow,https://www.linkedin.com/company/sbigeneral/,,2026-02-24T15:54:43.547967,FALSE
SBI,linkedin,sbi-mutual-fund,Follow,https://www.linkedin.com/company/sbi-mutual-fund/,,2026-02-24T15:54:43.562014,FALSE
SBI,linkedin,sbi-foundation,Follow,https://www.linkedin.com/company/sbi-foundation/,,2026-02-24T15:54:43.576293,FALSE
SBI,linkedin,sbisecurities,Follow,https://www.linkedin.com/company/sbisecurities/,,2026-02-24T15:54:43.589311,FALSE
SBI,linkedin,sbi,Follow,https://www.linkedin.com/company/sbi/,,2026-02-24T15:54:43.601002,FALSE
SBI,linkedin,sbi-partners-llc,Follow,https://www.linkedin.com/company/sbi-partners-llc/,,2026-02-24T15:54:43.613844,FALSE
